2026-08-10 19:16:47,339 - INFO - Starting ingestion: begin_inventory.csv
2026-08-10 19:16:55,811 - INFO - Starting ingestion: begin_inventory.csv
2026-08-10 19:16:56,712 - INFO - begin_inventory: inserted 5000 rows
2026-08-10 19:16:57,053 - INFO - begin_inventory: inserted 5000 rows
2026-08-10 19:16:57,367 - INFO - begin_inventory: inserted 5000 rows
2026-08-10 19:16:57,621 - INFO - begin_inventory: inserted 5000 rows
2026-08-10 19:16:58,065 - INFO - begin_inventory: inserted 5000 rows
2026-08-10 19:16:58,507 - INFO - begin_inventory: inserted 5000 rows
2026-08-10 19:16:58,795 - INFO - begin_inventory: inserted 5000 rows
2026-08-10 19:16:59,247 - INFO - begin_inventory: inserted 5000 rows
2026-08-10 19:16:59,595 - INFO - begin_inventory: inserted 5000 rows
2026-08-10 19:16:59,937 - INFO - begin_inventory: inserted 5000 rows
2026-08-10 19:17:00,234 - INFO - begin_inventory: inserted 5000 rows
2026-08-10 19:17:00,573 - INFO - begin_inventory: inserted 5000 rows
2026-08-10 19:17:00,986 - INFO - begin_inventory: inserted 5000 rows
2026-08-10 19:17:01,288 - INFO - begin_inventory: inserted 5000 rows
2026-08-10 19:17:01,597 - INFO - begin_inventory: inserted 5000 rows
2026-08-10 19:17:01,887 - INFO - begin_inventory: inserted 5000 rows
2026-08-10 19:17:02,191 - INFO - begin_inventory: inserted 5000 rows
2026-08-10 19:17:02,515 - INFO - begin_inventory: inserted 5000 rows
2026-08-10 19:17:02,849 - INFO - begin_inventory: inserted 5000 rows
2026-08-10 19:17:03,192 - INFO - begin_inventory: inserted 5000 rows
2026-08-10 19:17:04,882 - INFO - begin_inventory: inserted 5000 rows
2026-08-10 19:17:05,752 - INFO - begin_inventory: inserted 5000 rows
2026-08-10 19:17:06,426 - INFO - begin_inventory: inserted 5000 rows
2026-08-10 19:17:06,774 - INFO - begin_inventory: inserted 5000 rows
2026-08-10 19:17:07,104 - INFO - begin_inventory: inserted 5000 rows
2026-08-10 19:17:07,411 - INFO - begin_inventory: inserted 5000 rows
2026-08-10 19:17:07,674 - INFO - begin_inventory: inserted 5000 rows
2026-08-10 19:17:07,909 - INFO - begin_inventory: inserted 5000 rows
2026-08-10 19:17:08,381 - INFO - begin_inventory: inserted 5000 rows
2026-08-10 19:17:08,677 - INFO - begin_inventory: inserted 5000 rows
2026-08-10 19:17:08,989 - INFO - begin_inventory: inserted 5000 rows
2026-08-10 19:17:09,277 - INFO - begin_inventory: inserted 5000 rows
2026-08-10 19:17:09,605 - INFO - begin_inventory: inserted 5000 rows
2026-08-10 19:17:09,847 - INFO - begin_inventory: inserted 5000 rows
2026-08-10 19:17:10,225 - INFO - begin_inventory: inserted 5000 rows
2026-08-10 19:17:10,669 - INFO - begin_inventory: inserted 5000 rows
2026-08-10 19:17:10,931 - INFO - begin_inventory: inserted 5000 rows
2026-08-10 19:17:11,373 - INFO - begin_inventory: inserted 5000 rows
2026-08-10 19:17:11,724 - INFO - begin_inventory: inserted 5000 rows
2026-08-10 19:17:12,056 - INFO - begin_inventory: inserted 5000 rows
2026-08-10 19:17:12,436 - INFO - begin_inventory: inserted 5000 rows
2026-08-10 19:17:12,546 - INFO - begin_inventory: inserted 1529 rows
2026-08-10 19:17:12,547 - INFO - Completed ingestion: begin_inventory.csv
2026-08-10 19:17:12,547 - INFO - Starting ingestion: end_inventory.csv
2026-08-10 19:17:13,027 - INFO - end_inventory: inserted 5000 rows
2026-08-10 19:17:13,308 - INFO - end_inventory: inserted 5000 rows
2026-08-10 19:17:13,549 - INFO - end_inventory: inserted 5000 rows
2026-08-10 19:17:13,870 - INFO - end_inventory: inserted 5000 rows
2026-08-10 19:17:14,301 - INFO - end_inventory: inserted 5000 rows
2026-08-10 19:17:14,572 - INFO - end_inventory: inserted 5000 rows
2026-08-10 19:17:14,969 - INFO - end_inventory: inserted 5000 rows
2026-08-10 19:17:15,285 - INFO - end_inventory: inserted 5000 rows
2026-08-10 19:17:15,668 - INFO - end_inventory: inserted 5000 rows
2026-08-10 19:17:16,054 - INFO - end_inventory: inserted 5000 rows
2026-08-10 19:17:16,316 - INFO - end_inventory: inserted 5000 rows
2026-08-10 19:17:16,671 - INFO - end_inventory: inserted 5000 rows
2026-08-10 19:17:17,070 - INFO - end_inventory: inserted 5000 rows
2026-08-10 19:17:17,340 - INFO - end_inventory: inserted 5000 rows
2026-08-10 19:17:17,649 - INFO - end_inventory: inserted 5000 rows
2026-08-10 19:17:17,967 - INFO - end_inventory: inserted 5000 rows
2026-08-10 19:17:18,238 - INFO - end_inventory: inserted 5000 rows
2026-08-10 19:17:18,667 - INFO - end_inventory: inserted 5000 rows
2026-08-10 19:17:18,991 - INFO - end_inventory: inserted 5000 rows
2026-08-10 19:17:19,395 - INFO - end_inventory: inserted 5000 rows
2026-08-10 19:17:19,767 - INFO - end_inventory: inserted 5000 rows
2026-08-10 19:17:20,125 - INFO - end_inventory: inserted 5000 rows
2026-08-10 19:17:20,546 - INFO - end_inventory: inserted 5000 rows
2026-08-10 19:17:20,839 - INFO - end_inventory: inserted 5000 rows
2026-08-10 19:17:21,195 - INFO - end_inventory: inserted 5000 rows
2026-08-10 19:17:21,465 - INFO - end_inventory: inserted 5000 rows
2026-08-10 19:17:21,843 - INFO - end_inventory: inserted 5000 rows
2026-08-10 19:17:22,124 - INFO - end_inventory: inserted 5000 rows
2026-08-10 19:17:22,591 - INFO - end_inventory: inserted 5000 rows
2026-08-10 19:17:22,884 - INFO - end_inventory: inserted 5000 rows
2026-08-10 19:17:23,169 - INFO - end_inventory: inserted 5000 rows
2026-08-10 19:17:23,530 - INFO - end_inventory: inserted 5000 rows
2026-08-10 19:17:23,829 - INFO - end_inventory: inserted 5000 rows
2026-08-10 19:17:24,114 - INFO - end_inventory: inserted 5000 rows
2026-08-10 19:17:24,425 - INFO - end_inventory: inserted 5000 rows
2026-08-10 19:17:24,777 - INFO - end_inventory: inserted 5000 rows
2026-08-10 19:17:25,143 - INFO - end_inventory: inserted 5000 rows
2026-08-10 19:17:25,475 - INFO - end_inventory: inserted 5000 rows
2026-08-10 19:17:25,799 - INFO - end_inventory: inserted 5000 rows
2026-08-10 19:17:26,124 - INFO - end_inventory: inserted 5000 rows
2026-08-10 19:17:26,434 - INFO - end_inventory: inserted 5000 rows
2026-08-10 19:17:26,702 - INFO - end_inventory: inserted 5000 rows
2026-08-10 19:17:27,120 - INFO - end_inventory: inserted 5000 rows
2026-08-10 19:17:27,446 - INFO - end_inventory: inserted 5000 rows
2026-08-10 19:17:27,775 - INFO - end_inventory: inserted 4489 rows
2026-08-10 19:17:27,777 - INFO - Completed ingestion: end_inventory.csv
2026-08-10 19:17:27,777 - INFO - Starting ingestion: purchases.csv
2026-08-10 19:17:28,714 - INFO - purchases: inserted 5000 rows
2026-08-10 19:17:29,227 - INFO - purchases: inserted 5000 rows
2026-08-10 19:17:29,768 - INFO - purchases: inserted 5000 rows
2026-08-10 19:17:30,165 - INFO - purchases: inserted 5000 rows
2026-08-10 19:17:30,751 - INFO - purchases: inserted 5000 rows
2026-08-10 19:17:31,179 - INFO - purchases: inserted 5000 rows
2026-08-10 19:17:31,774 - INFO - purchases: inserted 5000 rows
2026-08-10 19:17:32,159 - INFO - purchases: inserted 5000 rows
2026-08-10 19:17:32,765 - INFO - purchases: inserted 5000 rows
2026-08-10 19:17:33,494 - INFO - purchases: inserted 5000 rows
2026-08-10 19:17:34,080 - INFO - purchases: inserted 5000 rows
2026-08-10 19:17:34,831 - INFO - purchases: inserted 5000 rows
2026-08-10 19:17:35,470 - INFO - purchases: inserted 5000 rows
2026-08-10 19:17:36,025 - INFO - purchases: inserted 5000 rows
2026-08-10 19:17:36,591 - INFO - purchases: inserted 5000 rows
2026-08-10 19:17:37,106 - INFO - purchases: inserted 5000 rows
2026-08-10 19:17:37,674 - INFO - purchases: inserted 5000 rows
2026-08-10 19:17:38,349 - INFO - purchases: inserted 5000 rows
2026-08-10 19:17:39,090 - INFO - purchases: inserted 5000 rows
2026-08-10 19:17:39,721 - INFO - purchases: inserted 5000 rows
2026-08-10 19:17:40,121 - INFO - purchases: inserted 5000 rows
2026-08-10 19:17:40,687 - INFO - purchases: inserted 5000 rows
2026-08-10 19:17:41,276 - INFO - purchases: inserted 5000 rows
2026-08-10 19:17:41,862 - INFO - purchases: inserted 5000 rows
2026-08-10 19:17:42,520 - INFO - purchases: inserted 5000 rows
2026-08-10 19:17:43,081 - INFO - purchases: inserted 5000 rows
2026-08-10 19:17:43,687 - INFO - purchases: inserted 5000 rows
2026-08-10 19:17:44,107 - INFO - purchases: inserted 5000 rows
2026-08-10 19:17:44,628 - INFO - purchases: inserted 5000 rows
2026-08-10 19:17:45,056 - INFO - purchases: inserted 5000 rows
2026-08-10 19:17:45,691 - INFO - purchases: inserted 5000 rows
2026-08-10 19:17:46,245 - INFO - purchases: inserted 5000 rows
2026-08-10 19:17:46,819 - INFO - purchases: inserted 5000 rows
2026-08-10 19:17:47,380 - INFO - purchases: inserted 5000 rows
2026-08-10 19:17:47,862 - INFO - purchases: inserted 5000 rows
2026-08-10 19:17:48,551 - INFO - purchases: inserted 5000 rows
2026-08-10 19:17:49,065 - INFO - purchases: inserted 5000 rows
2026-08-10 19:17:49,621 - INFO - purchases: inserted 5000 rows
2026-08-10 19:17:50,084 - INFO - purchases: inserted 5000 rows
2026-08-10 19:17:50,645 - INFO - purchases: inserted 5000 rows
2026-08-10 19:17:51,131 - INFO - purchases: inserted 5000 rows
2026-08-10 19:17:51,706 - INFO - purchases: inserted 5000 rows
2026-08-10 19:17:52,273 - INFO - purchases: inserted 5000 rows
2026-08-10 19:17:52,797 - INFO - purchases: inserted 5000 rows
2026-08-10 19:17:53,291 - INFO - purchases: inserted 5000 rows
2026-08-10 19:17:53,776 - INFO - purchases: inserted 5000 rows
2026-08-10 19:17:54,205 - INFO - purchases: inserted 5000 rows
2026-08-10 19:17:54,788 - INFO - purchases: inserted 5000 rows
2026-08-10 19:17:55,418 - INFO - purchases: inserted 5000 rows
2026-08-10 19:17:55,924 - INFO - purchases: inserted 5000 rows
2026-08-10 19:17:56,465 - INFO - purchases: inserted 5000 rows
2026-08-10 19:17:57,013 - INFO - purchases: inserted 5000 rows
2026-08-10 19:17:57,592 - INFO - purchases: inserted 5000 rows
2026-08-10 19:17:58,293 - INFO - purchases: inserted 5000 rows
2026-08-10 19:17:58,845 - INFO - purchases: inserted 5000 rows
2026-08-10 19:17:59,379 - INFO - purchases: inserted 5000 rows
2026-08-10 19:17:59,990 - INFO - purchases: inserted 5000 rows
2026-08-10 19:18:00,580 - INFO - purchases: inserted 5000 rows
2026-08-10 19:18:01,140 - INFO - purchases: inserted 5000 rows
2026-08-10 19:18:01,686 - INFO - purchases: inserted 5000 rows
2026-08-10 19:18:02,081 - INFO - purchases: inserted 5000 rows
2026-08-10 19:18:02,601 - INFO - purchases: inserted 5000 rows
2026-08-10 19:18:03,245 - INFO - purchases: inserted 5000 rows
2026-08-10 19:18:03,764 - INFO - purchases: inserted 5000 rows
2026-08-10 19:18:04,233 - INFO - purchases: inserted 5000 rows
2026-08-10 19:18:04,760 - INFO - purchases: inserted 5000 rows
2026-08-10 19:18:05,302 - INFO - purchases: inserted 5000 rows
2026-08-10 19:18:05,812 - INFO - purchases: inserted 5000 rows
2026-08-10 19:18:06,329 - INFO - purchases: inserted 5000 rows
2026-08-10 19:18:06,997 - INFO - purchases: inserted 5000 rows
2026-08-10 19:18:07,544 - INFO - purchases: inserted 5000 rows
2026-08-10 19:18:08,103 - INFO - purchases: inserted 5000 rows
2026-08-10 19:18:08,784 - INFO - purchases: inserted 5000 rows
2026-08-10 19:18:09,410 - INFO - purchases: inserted 5000 rows
2026-08-10 19:18:09,945 - INFO - purchases: inserted 5000 rows
2026-08-10 19:18:10,409 - INFO - purchases: inserted 5000 rows
2026-08-10 19:18:10,948 - INFO - purchases: inserted 5000 rows
2026-08-10 19:18:11,534 - INFO - purchases: inserted 5000 rows
2026-08-10 19:18:12,159 - INFO - purchases: inserted 5000 rows
2026-08-10 19:18:12,537 - INFO - purchases: inserted 5000 rows
2026-08-10 19:18:13,053 - INFO - purchases: inserted 5000 rows
2026-08-10 19:18:13,632 - INFO - purchases: inserted 5000 rows
2026-08-10 19:18:14,338 - INFO - purchases: inserted 5000 rows
2026-08-10 19:18:14,947 - INFO - purchases: inserted 5000 rows
2026-08-10 19:18:15,354 - INFO - purchases: inserted 5000 rows
2026-08-10 19:18:15,958 - INFO - purchases: inserted 5000 rows
2026-08-10 19:18:16,369 - INFO - purchases: inserted 5000 rows
2026-08-10 19:18:16,911 - INFO - purchases: inserted 5000 rows
2026-08-10 19:18:17,471 - INFO - purchases: inserted 5000 rows
2026-08-10 19:18:17,942 - INFO - purchases: inserted 5000 rows
2026-08-10 19:18:18,384 - INFO - purchases: inserted 5000 rows
2026-08-10 19:18:19,112 - INFO - purchases: inserted 5000 rows
2026-08-10 19:18:19,643 - INFO - purchases: inserted 5000 rows
2026-08-10 19:18:20,156 - INFO - purchases: inserted 5000 rows
2026-08-10 19:18:20,677 - INFO - purchases: inserted 5000 rows
2026-08-10 19:18:21,231 - INFO - purchases: inserted 5000 rows
2026-08-10 19:18:21,759 - INFO - purchases: inserted 5000 rows
2026-08-10 19:18:22,171 - INFO - purchases: inserted 5000 rows
2026-08-10 19:18:22,683 - INFO - purchases: inserted 5000 rows
2026-08-10 19:18:23,149 - INFO - purchases: inserted 5000 rows
2026-08-10 19:18:23,752 - INFO - purchases: inserted 5000 rows
2026-08-10 19:18:24,433 - INFO - purchases: inserted 5000 rows
2026-08-10 19:18:25,051 - INFO - purchases: inserted 5000 rows
2026-08-10 19:18:25,516 - INFO - purchases: inserted 5000 rows
2026-08-10 19:18:26,032 - INFO - purchases: inserted 5000 rows
2026-08-10 19:18:26,620 - INFO - purchases: inserted 5000 rows
2026-08-10 19:18:27,203 - INFO - purchases: inserted 5000 rows
2026-08-10 19:18:27,698 - INFO - purchases: inserted 5000 rows
2026-08-10 19:18:28,251 - INFO - purchases: inserted 5000 rows
2026-08-10 19:18:28,793 - INFO - purchases: inserted 5000 rows
2026-08-10 19:18:29,340 - INFO - purchases: inserted 5000 rows
2026-08-10 19:18:30,069 - INFO - purchases: inserted 5000 rows
2026-08-10 19:18:30,637 - INFO - purchases: inserted 5000 rows
2026-08-10 19:18:31,141 - INFO - purchases: inserted 5000 rows
2026-08-10 19:18:31,684 - INFO - purchases: inserted 5000 rows
2026-08-10 19:18:32,200 - INFO - purchases: inserted 5000 rows
2026-08-10 19:18:32,713 - INFO - purchases: inserted 5000 rows
2026-08-10 19:18:33,210 - INFO - purchases: inserted 5000 rows
2026-08-10 19:18:33,756 - INFO - purchases: inserted 5000 rows
2026-08-10 19:18:34,365 - INFO - purchases: inserted 5000 rows
2026-08-10 19:18:34,818 - INFO - purchases: inserted 5000 rows
2026-08-10 19:18:35,349 - INFO - purchases: inserted 5000 rows
2026-08-10 19:18:36,012 - INFO - purchases: inserted 5000 rows
2026-08-10 19:18:36,513 - INFO - purchases: inserted 5000 rows
2026-08-10 19:18:37,043 - INFO - purchases: inserted 5000 rows
2026-08-10 19:18:37,472 - INFO - purchases: inserted 5000 rows
2026-08-10 19:18:38,006 - INFO - purchases: inserted 5000 rows
2026-08-10 19:18:38,496 - INFO - purchases: inserted 5000 rows
2026-08-10 19:18:39,038 - INFO - purchases: inserted 5000 rows
2026-08-10 19:18:39,574 - INFO - purchases: inserted 5000 rows
2026-08-10 19:18:40,257 - INFO - purchases: inserted 5000 rows
2026-08-10 19:18:40,787 - INFO - purchases: inserted 5000 rows
2026-08-10 19:18:41,355 - INFO - purchases: inserted 5000 rows
2026-08-10 19:18:41,915 - INFO - purchases: inserted 5000 rows
2026-08-10 19:18:42,411 - INFO - purchases: inserted 5000 rows
2026-08-10 19:18:42,881 - INFO - purchases: inserted 5000 rows
2026-08-10 19:18:43,435 - INFO - purchases: inserted 5000 rows
2026-08-10 19:18:43,966 - INFO - purchases: inserted 5000 rows
2026-08-10 19:18:44,480 - INFO - purchases: inserted 5000 rows
2026-08-10 19:18:45,007 - INFO - purchases: inserted 5000 rows
2026-08-10 19:18:45,511 - INFO - purchases: inserted 5000 rows
2026-08-10 19:18:46,221 - INFO - purchases: inserted 5000 rows
2026-08-10 19:18:46,812 - INFO - purchases: inserted 5000 rows
2026-08-10 19:18:47,361 - INFO - purchases: inserted 5000 rows
2026-08-10 19:18:47,891 - INFO - purchases: inserted 5000 rows
2026-08-10 19:18:48,363 - INFO - purchases: inserted 5000 rows
2026-08-10 19:18:48,952 - INFO - purchases: inserted 5000 rows
2026-08-10 19:18:49,425 - INFO - purchases: inserted 5000 rows
2026-08-10 19:18:49,994 - INFO - purchases: inserted 5000 rows
2026-08-10 19:18:50,524 - INFO - purchases: inserted 5000 rows
2026-08-10 19:18:50,999 - INFO - purchases: inserted 5000 rows
2026-08-10 19:18:51,782 - INFO - purchases: inserted 5000 rows
2026-08-10 19:18:52,310 - INFO - purchases: inserted 5000 rows
2026-08-10 19:18:52,837 - INFO - purchases: inserted 5000 rows
2026-08-10 19:18:53,393 - INFO - purchases: inserted 5000 rows
2026-08-10 19:18:53,968 - INFO - purchases: inserted 5000 rows
2026-08-10 19:18:54,566 - INFO - purchases: inserted 5000 rows
2026-08-10 19:18:55,209 - INFO - purchases: inserted 5000 rows
2026-08-10 19:18:55,754 - INFO - purchases: inserted 5000 rows
2026-08-10 19:18:56,346 - INFO - purchases: inserted 5000 rows
2026-08-10 19:18:56,883 - INFO - purchases: inserted 5000 rows
2026-08-10 19:18:57,450 - INFO - purchases: inserted 5000 rows
2026-08-10 19:18:58,145 - INFO - purchases: inserted 5000 rows
2026-08-10 19:18:58,602 - INFO - purchases: inserted 5000 rows
2026-08-10 19:18:59,143 - INFO - purchases: inserted 5000 rows
2026-08-10 19:18:59,656 - INFO - purchases: inserted 5000 rows
2026-08-10 19:19:00,195 - INFO - purchases: inserted 5000 rows
2026-08-10 19:19:00,702 - INFO - purchases: inserted 5000 rows
2026-08-10 19:19:01,345 - INFO - purchases: inserted 5000 rows
2026-08-10 19:19:01,914 - INFO - purchases: inserted 5000 rows
2026-08-10 19:19:02,470 - INFO - purchases: inserted 5000 rows
2026-08-10 19:19:02,887 - INFO - purchases: inserted 5000 rows
2026-08-10 19:19:03,640 - INFO - purchases: inserted 5000 rows
2026-08-10 19:19:04,198 - INFO - purchases: inserted 5000 rows
2026-08-10 19:19:04,732 - INFO - purchases: inserted 5000 rows
2026-08-10 19:19:05,228 - INFO - purchases: inserted 5000 rows
2026-08-10 19:19:05,620 - INFO - purchases: inserted 5000 rows
2026-08-10 19:19:06,124 - INFO - purchases: inserted 5000 rows
2026-08-10 19:19:06,674 - INFO - purchases: inserted 5000 rows
2026-08-10 19:19:07,290 - INFO - purchases: inserted 5000 rows
2026-08-10 19:19:07,791 - INFO - purchases: inserted 5000 rows
2026-08-10 19:19:08,350 - INFO - purchases: inserted 5000 rows
2026-08-10 19:19:09,018 - INFO - purchases: inserted 5000 rows
2026-08-10 19:19:09,567 - INFO - purchases: inserted 5000 rows
2026-08-10 19:19:10,129 - INFO - purchases: inserted 5000 rows
2026-08-10 19:19:10,665 - INFO - purchases: inserted 5000 rows
2026-08-10 19:19:11,223 - INFO - purchases: inserted 5000 rows
2026-08-10 19:19:11,790 - INFO - purchases: inserted 5000 rows
2026-08-10 19:19:12,358 - INFO - purchases: inserted 5000 rows
2026-08-10 19:19:12,876 - INFO - purchases: inserted 5000 rows
2026-08-10 19:19:13,439 - INFO - purchases: inserted 5000 rows
2026-08-10 19:19:14,051 - INFO - purchases: inserted 5000 rows
2026-08-10 19:19:14,633 - INFO - purchases: inserted 5000 rows
2026-08-10 19:19:15,283 - INFO - purchases: inserted 5000 rows
2026-08-10 19:19:15,799 - INFO - purchases: inserted 5000 rows
2026-08-10 19:19:16,383 - INFO - purchases: inserted 5000 rows
2026-08-10 19:19:16,973 - INFO - purchases: inserted 5000 rows
2026-08-10 19:19:17,452 - INFO - purchases: inserted 5000 rows
2026-08-10 19:19:17,976 - INFO - purchases: inserted 5000 rows
2026-08-10 19:19:18,474 - INFO - purchases: inserted 5000 rows
2026-08-10 19:19:18,988 - INFO - purchases: inserted 5000 rows
2026-08-10 19:19:19,516 - INFO - purchases: inserted 5000 rows
2026-08-10 19:19:20,043 - INFO - purchases: inserted 5000 rows
2026-08-10 19:19:20,623 - INFO - purchases: inserted 5000 rows
2026-08-10 19:19:21,210 - INFO - purchases: inserted 5000 rows
2026-08-10 19:19:21,837 - INFO - purchases: inserted 5000 rows
2026-08-10 19:19:22,406 - INFO - purchases: inserted 5000 rows
2026-08-10 19:19:22,936 - INFO - purchases: inserted 5000 rows
2026-08-10 19:19:23,478 - INFO - purchases: inserted 5000 rows
2026-08-10 19:19:23,886 - INFO - purchases: inserted 5000 rows
2026-08-10 19:19:24,396 - INFO - purchases: inserted 5000 rows
2026-08-10 19:19:25,013 - INFO - purchases: inserted 5000 rows
2026-08-10 19:19:25,475 - INFO - purchases: inserted 5000 rows
2026-08-10 19:19:25,973 - INFO - purchases: inserted 5000 rows
2026-08-10 19:19:26,509 - INFO - purchases: inserted 5000 rows
2026-08-10 19:19:27,039 - INFO - purchases: inserted 5000 rows
2026-08-10 19:19:27,718 - INFO - purchases: inserted 5000 rows
2026-08-10 19:19:28,238 - INFO - purchases: inserted 5000 rows
2026-08-10 19:19:28,767 - INFO - purchases: inserted 5000 rows
2026-08-10 19:19:29,433 - INFO - purchases: inserted 5000 rows
2026-08-10 19:19:29,943 - INFO - purchases: inserted 5000 rows
2026-08-10 19:19:30,530 - INFO - purchases: inserted 5000 rows
2026-08-10 19:19:31,077 - INFO - purchases: inserted 5000 rows
2026-08-10 19:19:31,597 - INFO - purchases: inserted 5000 rows
2026-08-10 19:19:32,163 - INFO - purchases: inserted 5000 rows
2026-08-10 19:19:32,662 - INFO - purchases: inserted 5000 rows
2026-08-10 19:19:33,151 - INFO - purchases: inserted 5000 rows
2026-08-10 19:19:33,715 - INFO - purchases: inserted 5000 rows
2026-08-10 19:19:34,420 - INFO - purchases: inserted 5000 rows
2026-08-10 19:19:35,004 - INFO - purchases: inserted 5000 rows
2026-08-10 19:19:35,501 - INFO - purchases: inserted 5000 rows
2026-08-10 19:19:36,055 - INFO - purchases: inserted 5000 rows
2026-08-10 19:19:36,683 - INFO - purchases: inserted 5000 rows
2026-08-10 19:19:37,298 - INFO - purchases: inserted 5000 rows
2026-08-10 19:19:37,805 - INFO - purchases: inserted 5000 rows
2026-08-10 19:19:38,353 - INFO - purchases: inserted 5000 rows
2026-08-10 19:19:38,989 - INFO - purchases: inserted 5000 rows
2026-08-10 19:19:39,577 - INFO - purchases: inserted 5000 rows
2026-08-10 19:19:40,057 - INFO - purchases: inserted 5000 rows
2026-08-10 19:19:40,633 - INFO - purchases: inserted 5000 rows
2026-08-10 19:19:41,285 - INFO - purchases: inserted 5000 rows
2026-08-10 19:19:41,764 - INFO - purchases: inserted 5000 rows
2026-08-10 19:19:42,234 - INFO - purchases: inserted 5000 rows
2026-08-10 19:19:42,650 - INFO - purchases: inserted 5000 rows
2026-08-10 19:19:43,138 - INFO - purchases: inserted 5000 rows
2026-08-10 19:19:43,679 - INFO - purchases: inserted 5000 rows
2026-08-10 19:19:44,150 - INFO - purchases: inserted 5000 rows
2026-08-10 19:19:44,682 - INFO - purchases: inserted 5000 rows
2026-08-10 19:19:45,225 - INFO - purchases: inserted 5000 rows
2026-08-10 19:19:45,733 - INFO - purchases: inserted 5000 rows
2026-08-10 19:19:46,286 - INFO - purchases: inserted 5000 rows
2026-08-10 19:19:46,695 - INFO - purchases: inserted 5000 rows
2026-08-10 19:19:47,451 - INFO - purchases: inserted 5000 rows
2026-08-10 19:19:48,025 - INFO - purchases: inserted 5000 rows
2026-08-10 19:19:48,489 - INFO - purchases: inserted 5000 rows
2026-08-10 19:19:49,002 - INFO - purchases: inserted 5000 rows
2026-08-10 19:19:49,469 - INFO - purchases: inserted 5000 rows
2026-08-10 19:19:50,068 - INFO - purchases: inserted 5000 rows
2026-08-10 19:19:50,674 - INFO - purchases: inserted 5000 rows
2026-08-10 19:19:51,129 - INFO - purchases: inserted 5000 rows
2026-08-10 19:19:51,652 - INFO - purchases: inserted 5000 rows
2026-08-10 19:19:52,132 - INFO - purchases: inserted 5000 rows
2026-08-10 19:19:52,666 - INFO - purchases: inserted 5000 rows
2026-08-10 19:19:53,080 - INFO - purchases: inserted 5000 rows
2026-08-10 19:19:53,783 - INFO - purchases: inserted 5000 rows
2026-08-10 19:19:54,347 - INFO - purchases: inserted 5000 rows
2026-08-10 19:19:54,839 - INFO - purchases: inserted 5000 rows
2026-08-10 19:19:55,374 - INFO - purchases: inserted 5000 rows
2026-08-10 19:19:55,842 - INFO - purchases: inserted 5000 rows
2026-08-10 19:19:56,384 - INFO - purchases: inserted 5000 rows
2026-08-10 19:19:56,886 - INFO - purchases: inserted 5000 rows
2026-08-10 19:19:57,368 - INFO - purchases: inserted 5000 rows
2026-08-10 19:19:57,857 - INFO - purchases: inserted 5000 rows
2026-08-10 19:19:58,441 - INFO - purchases: inserted 5000 rows
2026-08-10 19:19:58,977 - INFO - purchases: inserted 5000 rows
2026-08-10 19:19:59,517 - INFO - purchases: inserted 5000 rows
2026-08-10 19:20:00,258 - INFO - purchases: inserted 5000 rows
2026-08-10 19:20:00,907 - INFO - purchases: inserted 5000 rows
2026-08-10 19:20:01,415 - INFO - purchases: inserted 5000 rows
2026-08-10 19:20:01,936 - INFO - purchases: inserted 5000 rows
2026-08-10 19:20:02,474 - INFO - purchases: inserted 5000 rows
2026-08-10 19:20:02,998 - INFO - purchases: inserted 5000 rows
2026-08-10 19:20:03,588 - INFO - purchases: inserted 5000 rows
2026-08-10 19:20:04,119 - INFO - purchases: inserted 5000 rows
2026-08-10 19:20:04,656 - INFO - purchases: inserted 5000 rows
2026-08-10 19:20:05,186 - INFO - purchases: inserted 5000 rows
2026-08-10 19:20:05,809 - INFO - purchases: inserted 5000 rows
2026-08-10 19:20:06,426 - INFO - purchases: inserted 5000 rows
2026-08-10 19:20:06,939 - INFO - purchases: inserted 5000 rows
2026-08-10 19:20:07,474 - INFO - purchases: inserted 5000 rows
2026-08-10 19:20:07,958 - INFO - purchases: inserted 5000 rows
2026-08-10 19:20:08,515 - INFO - purchases: inserted 5000 rows
2026-08-10 19:20:09,125 - INFO - purchases: inserted 5000 rows
2026-08-10 19:20:09,613 - INFO - purchases: inserted 5000 rows
2026-08-10 19:20:10,143 - INFO - purchases: inserted 5000 rows
2026-08-10 19:20:10,712 - INFO - purchases: inserted 5000 rows
2026-08-10 19:20:11,225 - INFO - purchases: inserted 5000 rows
2026-08-10 19:20:11,820 - INFO - purchases: inserted 5000 rows
2026-08-10 19:20:12,233 - INFO - purchases: inserted 5000 rows
2026-08-10 19:20:12,902 - INFO - purchases: inserted 5000 rows
2026-08-10 19:20:13,414 - INFO - purchases: inserted 5000 rows
2026-08-10 19:20:13,983 - INFO - purchases: inserted 5000 rows
2026-08-10 19:20:14,580 - INFO - purchases: inserted 5000 rows
2026-08-10 19:20:15,082 - INFO - purchases: inserted 5000 rows
2026-08-10 19:20:15,568 - INFO - purchases: inserted 5000 rows
2026-08-10 19:20:16,091 - INFO - purchases: inserted 5000 rows
2026-08-10 19:20:16,603 - INFO - purchases: inserted 5000 rows
2026-08-10 19:20:17,036 - INFO - purchases: inserted 5000 rows
2026-08-10 19:20:17,577 - INFO - purchases: inserted 5000 rows
2026-08-10 19:20:18,082 - INFO - purchases: inserted 5000 rows
2026-08-10 19:20:18,600 - INFO - purchases: inserted 5000 rows
2026-08-10 19:20:19,318 - INFO - purchases: inserted 5000 rows
2026-08-10 19:20:19,884 - INFO - purchases: inserted 5000 rows
2026-08-10 19:20:20,637 - INFO - purchases: inserted 5000 rows
2026-08-10 19:20:21,349 - INFO - purchases: inserted 5000 rows
2026-08-10 19:20:21,933 - INFO - purchases: inserted 5000 rows
2026-08-10 19:20:22,465 - INFO - purchases: inserted 5000 rows
2026-08-10 19:20:22,923 - INFO - purchases: inserted 5000 rows
2026-08-10 19:20:23,324 - INFO - purchases: inserted 5000 rows
2026-08-10 19:20:24,036 - INFO - purchases: inserted 5000 rows
2026-08-10 19:20:24,613 - INFO - purchases: inserted 5000 rows
2026-08-10 19:20:25,203 - INFO - purchases: inserted 5000 rows
2026-08-10 19:20:25,764 - INFO - purchases: inserted 5000 rows
2026-08-10 19:20:26,526 - INFO - purchases: inserted 5000 rows
2026-08-10 19:20:27,164 - INFO - purchases: inserted 5000 rows
2026-08-10 19:20:27,801 - INFO - purchases: inserted 5000 rows
2026-08-10 19:20:28,378 - INFO - purchases: inserted 5000 rows
2026-08-10 19:20:28,963 - INFO - purchases: inserted 5000 rows
2026-08-10 19:20:29,528 - INFO - purchases: inserted 5000 rows
2026-08-10 19:20:30,500 - INFO - purchases: inserted 5000 rows
2026-08-10 19:20:31,078 - INFO - purchases: inserted 5000 rows
2026-08-10 19:20:31,663 - INFO - purchases: inserted 5000 rows
2026-08-10 19:20:32,312 - INFO - purchases: inserted 5000 rows
2026-08-10 19:20:32,716 - INFO - purchases: inserted 5000 rows
2026-08-10 19:20:33,332 - INFO - purchases: inserted 5000 rows
2026-08-10 19:20:34,077 - INFO - purchases: inserted 5000 rows
2026-08-10 19:20:34,741 - INFO - purchases: inserted 5000 rows
2026-08-10 19:20:35,324 - INFO - purchases: inserted 5000 rows
2026-08-10 19:20:35,845 - INFO - purchases: inserted 5000 rows
2026-08-10 19:20:36,437 - INFO - purchases: inserted 5000 rows
2026-08-10 19:20:37,051 - INFO - purchases: inserted 5000 rows
2026-08-10 19:20:37,716 - INFO - purchases: inserted 5000 rows
2026-08-10 19:20:38,368 - INFO - purchases: inserted 5000 rows
2026-08-10 19:20:38,985 - INFO - purchases: inserted 5000 rows
2026-08-10 19:20:39,562 - INFO - purchases: inserted 5000 rows
2026-08-10 19:20:40,154 - INFO - purchases: inserted 5000 rows
2026-08-10 19:20:40,955 - INFO - purchases: inserted 5000 rows
2026-08-10 19:20:41,669 - INFO - purchases: inserted 5000 rows
2026-08-10 19:20:42,486 - INFO - purchases: inserted 5000 rows
2026-08-10 19:20:43,150 - INFO - purchases: inserted 5000 rows
2026-08-10 19:20:43,764 - INFO - purchases: inserted 5000 rows
2026-08-10 19:20:44,427 - INFO - purchases: inserted 5000 rows
2026-08-10 19:20:45,012 - INFO - purchases: inserted 5000 rows
2026-08-10 19:20:45,680 - INFO - purchases: inserted 5000 rows
2026-08-10 19:20:46,292 - INFO - purchases: inserted 5000 rows
2026-08-10 19:20:46,946 - INFO - purchases: inserted 5000 rows
2026-08-10 19:20:47,616 - INFO - purchases: inserted 5000 rows
2026-08-10 19:20:48,283 - INFO - purchases: inserted 5000 rows
2026-08-10 19:20:48,848 - INFO - purchases: inserted 5000 rows
2026-08-10 19:20:49,408 - INFO - purchases: inserted 5000 rows
2026-08-10 19:20:50,059 - INFO - purchases: inserted 5000 rows
2026-08-10 19:20:50,859 - INFO - purchases: inserted 5000 rows
2026-08-10 19:20:51,431 - INFO - purchases: inserted 5000 rows
2026-08-10 19:20:51,961 - INFO - purchases: inserted 5000 rows
2026-08-10 19:20:52,596 - INFO - purchases: inserted 5000 rows
2026-08-10 19:20:53,210 - INFO - purchases: inserted 5000 rows
2026-08-10 19:20:53,818 - INFO - purchases: inserted 5000 rows
2026-08-10 19:20:54,459 - INFO - purchases: inserted 5000 rows
2026-08-10 19:20:55,082 - INFO - purchases: inserted 5000 rows
2026-08-10 19:20:55,717 - INFO - purchases: inserted 5000 rows
2026-08-10 19:20:56,331 - INFO - purchases: inserted 5000 rows
2026-08-10 19:20:57,034 - INFO - purchases: inserted 5000 rows
2026-08-10 19:20:57,719 - INFO - purchases: inserted 5000 rows
2026-08-10 19:20:58,296 - INFO - purchases: inserted 5000 rows
2026-08-10 19:20:58,852 - INFO - purchases: inserted 5000 rows
2026-08-10 19:20:59,580 - INFO - purchases: inserted 5000 rows
2026-08-10 19:21:00,196 - INFO - purchases: inserted 5000 rows
2026-08-10 19:21:00,884 - INFO - purchases: inserted 5000 rows
2026-08-10 19:21:01,465 - INFO - purchases: inserted 5000 rows
2026-08-10 19:21:02,200 - INFO - purchases: inserted 5000 rows
2026-08-10 19:21:02,861 - INFO - purchases: inserted 5000 rows
2026-08-10 19:21:03,372 - INFO - purchases: inserted 5000 rows
2026-08-10 19:21:03,972 - INFO - purchases: inserted 5000 rows
2026-08-10 19:21:04,575 - INFO - purchases: inserted 5000 rows
2026-08-10 19:21:05,194 - INFO - purchases: inserted 5000 rows
2026-08-10 19:21:05,923 - INFO - purchases: inserted 5000 rows
2026-08-10 19:21:06,652 - INFO - purchases: inserted 5000 rows
2026-08-10 19:21:07,196 - INFO - purchases: inserted 5000 rows
2026-08-10 19:21:07,919 - INFO - purchases: inserted 5000 rows
2026-08-10 19:21:08,600 - INFO - purchases: inserted 5000 rows
2026-08-10 19:21:09,313 - INFO - purchases: inserted 5000 rows
2026-08-10 19:21:09,845 - INFO - purchases: inserted 5000 rows
2026-08-10 19:21:10,386 - INFO - purchases: inserted 5000 rows
2026-08-10 19:21:10,951 - INFO - purchases: inserted 5000 rows
2026-08-10 19:21:11,531 - INFO - purchases: inserted 5000 rows
2026-08-10 19:21:12,118 - INFO - purchases: inserted 5000 rows
2026-08-10 19:21:12,678 - INFO - purchases: inserted 5000 rows
2026-08-10 19:21:13,250 - INFO - purchases: inserted 5000 rows
2026-08-10 19:21:13,844 - INFO - purchases: inserted 5000 rows
2026-08-10 19:21:14,526 - INFO - purchases: inserted 5000 rows
2026-08-10 19:21:15,142 - INFO - purchases: inserted 5000 rows
2026-08-10 19:21:15,788 - INFO - purchases: inserted 5000 rows
2026-08-10 19:21:16,278 - INFO - purchases: inserted 5000 rows
2026-08-10 19:21:17,049 - INFO - purchases: inserted 5000 rows
2026-08-10 19:21:17,626 - INFO - purchases: inserted 5000 rows
2026-08-10 19:21:18,194 - INFO - purchases: inserted 5000 rows
2026-08-10 19:21:18,683 - INFO - purchases: inserted 5000 rows
2026-08-10 19:21:19,210 - INFO - purchases: inserted 5000 rows
2026-08-10 19:21:19,708 - INFO - purchases: inserted 5000 rows
2026-08-10 19:21:20,245 - INFO - purchases: inserted 5000 rows
2026-08-10 19:21:20,801 - INFO - purchases: inserted 5000 rows
2026-08-10 19:21:21,340 - INFO - purchases: inserted 5000 rows
2026-08-10 19:21:21,959 - INFO - purchases: inserted 5000 rows
2026-08-10 19:21:22,552 - INFO - purchases: inserted 5000 rows
2026-08-10 19:21:23,156 - INFO - purchases: inserted 5000 rows
2026-08-10 19:21:23,747 - INFO - purchases: inserted 5000 rows
2026-08-10 19:21:24,364 - INFO - purchases: inserted 5000 rows
2026-08-10 19:21:24,937 - INFO - purchases: inserted 5000 rows
2026-08-10 19:21:25,486 - INFO - purchases: inserted 5000 rows
2026-08-10 19:21:26,165 - INFO - purchases: inserted 5000 rows
2026-08-10 19:21:26,797 - INFO - purchases: inserted 5000 rows
2026-08-10 19:21:27,400 - INFO - purchases: inserted 5000 rows
2026-08-10 19:21:27,995 - INFO - purchases: inserted 5000 rows
2026-08-10 19:21:28,642 - INFO - purchases: inserted 5000 rows
2026-08-10 19:21:29,210 - INFO - purchases: inserted 5000 rows
2026-08-10 19:21:29,757 - INFO - purchases: inserted 5000 rows
2026-08-10 19:21:30,425 - INFO - purchases: inserted 5000 rows
2026-08-10 19:21:31,211 - INFO - purchases: inserted 5000 rows
2026-08-10 19:21:31,932 - INFO - purchases: inserted 5000 rows
2026-08-10 19:21:32,799 - INFO - purchases: inserted 5000 rows
2026-08-10 19:21:33,542 - INFO - purchases: inserted 5000 rows
2026-08-10 19:21:34,164 - INFO - purchases: inserted 5000 rows
2026-08-10 19:21:34,929 - INFO - purchases: inserted 5000 rows
2026-08-10 19:21:35,626 - INFO - purchases: inserted 5000 rows
2026-08-10 19:21:36,263 - INFO - purchases: inserted 5000 rows
2026-08-10 19:21:36,917 - INFO - purchases: inserted 5000 rows
2026-08-10 19:21:37,546 - INFO - purchases: inserted 5000 rows
2026-08-10 19:21:38,269 - INFO - purchases: inserted 5000 rows
2026-08-10 19:21:38,943 - INFO - purchases: inserted 5000 rows
2026-08-10 19:21:39,490 - INFO - purchases: inserted 5000 rows
2026-08-10 19:21:40,046 - INFO - purchases: inserted 5000 rows
2026-08-10 19:21:40,542 - INFO - purchases: inserted 5000 rows
2026-08-10 19:21:40,946 - INFO - purchases: inserted 5000 rows
2026-08-10 19:21:41,635 - INFO - purchases: inserted 5000 rows
2026-08-10 19:21:42,120 - INFO - purchases: inserted 5000 rows
2026-08-10 19:21:42,586 - INFO - purchases: inserted 5000 rows
2026-08-10 19:21:43,165 - INFO - purchases: inserted 5000 rows
2026-08-10 19:21:43,686 - INFO - purchases: inserted 5000 rows
2026-08-10 19:21:44,248 - INFO - purchases: inserted 5000 rows
2026-08-10 19:21:44,827 - INFO - purchases: inserted 5000 rows
2026-08-10 19:21:45,344 - INFO - purchases: inserted 5000 rows
2026-08-10 19:21:45,866 - INFO - purchases: inserted 5000 rows
2026-08-10 19:21:46,524 - INFO - purchases: inserted 5000 rows
2026-08-10 19:21:46,881 - INFO - purchases: inserted 5000 rows
2026-08-10 19:21:47,378 - INFO - purchases: inserted 5000 rows
2026-08-10 19:21:47,989 - INFO - purchases: inserted 5000 rows
2026-08-10 19:21:48,577 - INFO - purchases: inserted 5000 rows
2026-08-10 19:21:49,294 - INFO - purchases: inserted 5000 rows
2026-08-10 19:21:49,774 - INFO - purchases: inserted 5000 rows
2026-08-10 19:21:50,381 - INFO - purchases: inserted 5000 rows
2026-08-10 19:21:50,993 - INFO - purchases: inserted 5000 rows
2026-08-10 19:21:51,507 - INFO - purchases: inserted 5000 rows
2026-08-10 19:21:52,107 - INFO - purchases: inserted 5000 rows
2026-08-10 19:21:52,780 - INFO - purchases: inserted 5000 rows
2026-08-10 19:21:53,389 - INFO - purchases: inserted 5000 rows
2026-08-10 19:21:54,026 - INFO - purchases: inserted 5000 rows
2026-08-10 19:21:54,571 - INFO - purchases: inserted 5000 rows
2026-08-10 19:21:55,226 - INFO - purchases: inserted 5000 rows
2026-08-10 19:21:55,795 - INFO - purchases: inserted 5000 rows
2026-08-10 19:21:56,365 - INFO - purchases: inserted 5000 rows
2026-08-10 19:21:56,841 - INFO - purchases: inserted 5000 rows
2026-08-10 19:21:57,400 - INFO - purchases: inserted 5000 rows
2026-08-10 19:21:57,896 - INFO - purchases: inserted 5000 rows
2026-08-10 19:21:58,368 - INFO - purchases: inserted 5000 rows
2026-08-10 19:21:58,631 - INFO - purchases: inserted 2474 rows
2026-08-10 19:21:58,632 - INFO - Completed ingestion: purchases.csv
2026-08-10 19:21:58,633 - INFO - Starting ingestion: purchase_prices.csv
2026-08-10 19:21:59,181 - INFO - purchase_prices: inserted 5000 rows
2026-08-10 19:21:59,521 - INFO - purchase_prices: inserted 5000 rows
2026-08-10 19:21:59,680 - INFO - purchase_prices: inserted 2261 rows
2026-08-10 19:21:59,681 - INFO - Completed ingestion: purchase_prices.csv
2026-08-10 19:21:59,681 - INFO - Starting ingestion: sales.csv
2026-08-10 19:22:00,313 - INFO - sales: inserted 5000 rows
2026-08-10 19:22:00,817 - INFO - sales: inserted 5000 rows
2026-08-10 19:22:01,418 - INFO - sales: inserted 5000 rows
2026-08-10 19:22:01,964 - INFO - sales: inserted 5000 rows
2026-08-10 19:22:02,490 - INFO - sales: inserted 5000 rows
2026-08-10 19:22:03,107 - INFO - sales: inserted 5000 rows
2026-08-10 19:22:03,697 - INFO - sales: inserted 5000 rows
2026-08-10 19:22:04,264 - INFO - sales: inserted 5000 rows
2026-08-10 19:22:04,819 - INFO - sales: inserted 5000 rows
2026-08-10 19:22:05,207 - INFO - sales: inserted 5000 rows
2026-08-10 19:22:05,774 - INFO - sales: inserted 5000 rows
2026-08-10 19:22:06,373 - INFO - sales: inserted 5000 rows
2026-08-10 19:22:06,854 - INFO - sales: inserted 5000 rows
2026-08-10 19:22:07,399 - INFO - sales: inserted 5000 rows
2026-08-10 19:22:07,850 - INFO - sales: inserted 5000 rows
2026-08-10 19:22:08,442 - INFO - sales: inserted 5000 rows
2026-08-10 19:22:09,006 - INFO - sales: inserted 5000 rows
2026-08-10 19:22:09,550 - INFO - sales: inserted 5000 rows
2026-08-10 19:22:10,040 - INFO - sales: inserted 5000 rows
2026-08-10 19:22:10,576 - INFO - sales: inserted 5000 rows
2026-08-10 19:22:11,146 - INFO - sales: inserted 5000 rows
2026-08-10 19:22:11,688 - INFO - sales: inserted 5000 rows
2026-08-10 19:22:12,233 - INFO - sales: inserted 5000 rows
2026-08-10 19:22:12,807 - INFO - sales: inserted 5000 rows
2026-08-10 19:22:13,344 - INFO - sales: inserted 5000 rows
2026-08-10 19:22:13,895 - INFO - sales: inserted 5000 rows
2026-08-10 19:22:14,303 - INFO - sales: inserted 5000 rows
2026-08-10 19:22:14,855 - INFO - sales: inserted 5000 rows
2026-08-10 19:22:15,405 - INFO - sales: inserted 5000 rows
2026-08-10 19:22:15,934 - INFO - sales: inserted 5000 rows
2026-08-10 19:22:16,468 - INFO - sales: inserted 5000 rows
2026-08-10 19:22:16,981 - INFO - sales: inserted 5000 rows
2026-08-10 19:22:17,436 - INFO - sales: inserted 5000 rows
2026-08-10 19:22:17,957 - INFO - sales: inserted 5000 rows
2026-08-10 19:22:18,471 - INFO - sales: inserted 5000 rows
2026-08-10 19:22:18,954 - INFO - sales: inserted 5000 rows
2026-08-10 19:22:19,530 - INFO - sales: inserted 5000 rows
2026-08-10 19:22:20,082 - INFO - sales: inserted 5000 rows
2026-08-10 19:22:20,676 - INFO - sales: inserted 5000 rows
2026-08-10 19:22:21,126 - INFO - sales: inserted 5000 rows
2026-08-10 19:22:21,563 - INFO - sales: inserted 5000 rows
2026-08-10 19:22:22,138 - INFO - sales: inserted 5000 rows
2026-08-10 19:22:22,529 - INFO - sales: inserted 5000 rows
2026-08-10 19:22:22,866 - INFO - sales: inserted 5000 rows
2026-08-10 19:22:23,320 - INFO - sales: inserted 5000 rows
2026-08-10 19:22:23,905 - INFO - sales: inserted 5000 rows
2026-08-10 19:22:24,447 - INFO - sales: inserted 5000 rows
2026-08-10 19:22:25,027 - INFO - sales: inserted 5000 rows
2026-08-10 19:22:25,547 - INFO - sales: inserted 5000 rows
2026-08-10 19:22:25,998 - INFO - sales: inserted 5000 rows
2026-08-10 19:22:26,486 - INFO - sales: inserted 5000 rows
2026-08-10 19:22:27,085 - INFO - sales: inserted 5000 rows
2026-08-10 19:22:27,588 - INFO - sales: inserted 5000 rows
2026-08-10 19:22:28,168 - INFO - sales: inserted 5000 rows
2026-08-10 19:22:28,650 - INFO - sales: inserted 5000 rows
2026-08-10 19:22:29,133 - INFO - sales: inserted 5000 rows
2026-08-10 19:22:29,755 - INFO - sales: inserted 5000 rows
2026-08-10 19:22:30,151 - INFO - sales: inserted 5000 rows
2026-08-10 19:22:30,607 - INFO - sales: inserted 5000 rows
2026-08-10 19:22:31,236 - INFO - sales: inserted 5000 rows
2026-08-10 19:22:31,687 - INFO - sales: inserted 5000 rows
2026-08-10 19:22:32,088 - INFO - sales: inserted 5000 rows
2026-08-10 19:22:32,604 - INFO - sales: inserted 5000 rows
2026-08-10 19:22:33,157 - INFO - sales: inserted 5000 rows
2026-08-10 19:22:33,804 - INFO - sales: inserted 5000 rows
2026-08-10 19:22:34,238 - INFO - sales: inserted 5000 rows
2026-08-10 19:22:34,652 - INFO - sales: inserted 5000 rows
2026-08-10 19:22:35,100 - INFO - sales: inserted 5000 rows
2026-08-10 19:22:35,643 - INFO - sales: inserted 5000 rows
2026-08-10 19:22:36,058 - INFO - sales: inserted 5000 rows
2026-08-10 19:22:36,614 - INFO - sales: inserted 5000 rows
2026-08-10 19:22:37,109 - INFO - sales: inserted 5000 rows
2026-08-10 19:22:37,596 - INFO - sales: inserted 5000 rows
2026-08-10 19:22:38,247 - INFO - sales: inserted 5000 rows
2026-08-10 19:22:38,768 - INFO - sales: inserted 5000 rows
2026-08-10 19:22:39,254 - INFO - sales: inserted 5000 rows
2026-08-10 19:22:39,836 - INFO - sales: inserted 5000 rows
2026-08-10 19:22:40,416 - INFO - sales: inserted 5000 rows
2026-08-10 19:22:40,917 - INFO - sales: inserted 5000 rows
2026-08-10 19:22:41,395 - INFO - sales: inserted 5000 rows
2026-08-10 19:22:41,854 - INFO - sales: inserted 5000 rows
2026-08-10 19:22:42,255 - INFO - sales: inserted 5000 rows
2026-08-10 19:22:42,779 - INFO - sales: inserted 5000 rows
2026-08-10 19:22:43,292 - INFO - sales: inserted 5000 rows
2026-08-10 19:22:43,868 - INFO - sales: inserted 5000 rows
2026-08-10 19:22:44,489 - INFO - sales: inserted 5000 rows
2026-08-10 19:22:45,051 - INFO - sales: inserted 5000 rows
2026-08-10 19:22:45,648 - INFO - sales: inserted 5000 rows
2026-08-10 19:22:46,329 - INFO - sales: inserted 5000 rows
2026-08-10 19:22:46,849 - INFO - sales: inserted 5000 rows
2026-08-10 19:22:47,543 - INFO - sales: inserted 5000 rows
2026-08-10 19:22:48,103 - INFO - sales: inserted 5000 rows
2026-08-10 19:22:48,617 - INFO - sales: inserted 5000 rows
2026-08-10 19:22:49,114 - INFO - sales: inserted 5000 rows
2026-08-10 19:22:49,638 - INFO - sales: inserted 5000 rows
2026-08-10 19:22:50,178 - INFO - sales: inserted 5000 rows
2026-08-10 19:22:50,749 - INFO - sales: inserted 5000 rows
2026-08-10 19:22:51,291 - INFO - sales: inserted 5000 rows
2026-08-10 19:22:51,732 - INFO - sales: inserted 5000 rows
2026-08-10 19:22:52,307 - INFO - sales: inserted 5000 rows
2026-08-10 19:22:52,878 - INFO - sales: inserted 5000 rows
2026-08-10 19:22:53,479 - INFO - sales: inserted 5000 rows
2026-08-10 19:22:53,936 - INFO - sales: inserted 5000 rows
2026-08-10 19:22:54,481 - INFO - sales: inserted 5000 rows
2026-08-10 19:22:55,170 - INFO - sales: inserted 5000 rows
2026-08-10 19:22:55,635 - INFO - sales: inserted 5000 rows
2026-08-10 19:22:56,153 - INFO - sales: inserted 5000 rows
2026-08-10 19:22:56,638 - INFO - sales: inserted 5000 rows
2026-08-10 19:22:57,140 - INFO - sales: inserted 5000 rows
2026-08-10 19:22:57,679 - INFO - sales: inserted 5000 rows
2026-08-10 19:22:58,158 - INFO - sales: inserted 5000 rows
2026-08-10 19:22:58,655 - INFO - sales: inserted 5000 rows
2026-08-10 19:22:59,095 - INFO - sales: inserted 5000 rows
2026-08-10 19:22:59,640 - INFO - sales: inserted 5000 rows
2026-08-10 19:23:00,213 - INFO - sales: inserted 5000 rows
2026-08-10 19:23:00,794 - INFO - sales: inserted 5000 rows
2026-08-10 19:23:01,199 - INFO - sales: inserted 5000 rows
2026-08-10 19:23:01,728 - INFO - sales: inserted 5000 rows
2026-08-10 19:23:02,233 - INFO - sales: inserted 5000 rows
2026-08-10 19:23:02,758 - INFO - sales: inserted 5000 rows
2026-08-10 19:23:03,437 - INFO - sales: inserted 5000 rows
2026-08-10 19:23:03,924 - INFO - sales: inserted 5000 rows
2026-08-10 19:23:04,482 - INFO - sales: inserted 5000 rows
2026-08-10 19:23:04,908 - INFO - sales: inserted 5000 rows
2026-08-10 19:23:05,521 - INFO - sales: inserted 5000 rows
2026-08-10 19:23:06,019 - INFO - sales: inserted 5000 rows
2026-08-10 19:23:06,638 - INFO - sales: inserted 5000 rows
2026-08-10 19:23:07,177 - INFO - sales: inserted 5000 rows
2026-08-10 19:23:07,744 - INFO - sales: inserted 5000 rows
2026-08-10 19:23:08,327 - INFO - sales: inserted 5000 rows
2026-08-10 19:23:08,852 - INFO - sales: inserted 5000 rows
2026-08-10 19:23:09,345 - INFO - sales: inserted 5000 rows
2026-08-10 19:23:09,876 - INFO - sales: inserted 5000 rows
2026-08-10 19:23:10,478 - INFO - sales: inserted 5000 rows
2026-08-10 19:23:10,937 - INFO - sales: inserted 5000 rows
2026-08-10 19:23:11,395 - INFO - sales: inserted 5000 rows
2026-08-10 19:23:11,916 - INFO - sales: inserted 5000 rows
2026-08-10 19:23:12,407 - INFO - sales: inserted 5000 rows
2026-08-10 19:23:13,145 - INFO - sales: inserted 5000 rows
2026-08-10 19:23:13,664 - INFO - sales: inserted 5000 rows
2026-08-10 19:23:14,157 - INFO - sales: inserted 5000 rows
2026-08-10 19:23:14,693 - INFO - sales: inserted 5000 rows
2026-08-10 19:23:15,183 - INFO - sales: inserted 5000 rows
2026-08-10 19:23:15,653 - INFO - sales: inserted 5000 rows
2026-08-10 19:23:16,187 - INFO - sales: inserted 5000 rows
2026-08-10 19:23:16,707 - INFO - sales: inserted 5000 rows
2026-08-10 19:23:17,211 - INFO - sales: inserted 5000 rows
2026-08-10 19:23:17,788 - INFO - sales: inserted 5000 rows
2026-08-10 19:23:18,228 - INFO - sales: inserted 5000 rows
2026-08-10 19:23:18,801 - INFO - sales: inserted 5000 rows
2026-08-10 19:23:19,296 - INFO - sales: inserted 5000 rows
2026-08-10 19:23:19,719 - INFO - sales: inserted 5000 rows
2026-08-10 19:23:20,108 - INFO - sales: inserted 5000 rows
2026-08-10 19:23:20,699 - INFO - sales: inserted 5000 rows
2026-08-10 19:23:21,219 - INFO - sales: inserted 5000 rows
2026-08-10 19:23:21,933 - INFO - sales: inserted 5000 rows
2026-08-10 19:23:22,455 - INFO - sales: inserted 5000 rows
2026-08-10 19:23:22,983 - INFO - sales: inserted 5000 rows
2026-08-10 19:23:23,475 - INFO - sales: inserted 5000 rows
2026-08-10 19:23:24,181 - INFO - sales: inserted 5000 rows
2026-08-10 19:23:24,731 - INFO - sales: inserted 5000 rows
2026-08-10 19:23:25,232 - INFO - sales: inserted 5000 rows
2026-08-10 19:23:25,798 - INFO - sales: inserted 5000 rows
2026-08-10 19:23:26,259 - INFO - sales: inserted 5000 rows
2026-08-10 19:23:26,813 - INFO - sales: inserted 5000 rows
2026-08-10 19:23:27,345 - INFO - sales: inserted 5000 rows
2026-08-10 19:23:27,934 - INFO - sales: inserted 5000 rows
2026-08-10 19:23:28,451 - INFO - sales: inserted 5000 rows
2026-08-10 19:23:28,997 - INFO - sales: inserted 5000 rows
2026-08-10 19:23:29,502 - INFO - sales: inserted 5000 rows
2026-08-10 19:23:29,963 - INFO - sales: inserted 5000 rows
2026-08-10 19:23:30,445 - INFO - sales: inserted 5000 rows
2026-08-10 19:23:30,965 - INFO - sales: inserted 5000 rows
2026-08-10 19:23:31,740 - INFO - sales: inserted 5000 rows
2026-08-10 19:23:32,237 - INFO - sales: inserted 5000 rows
2026-08-10 19:23:32,755 - INFO - sales: inserted 5000 rows
2026-08-10 19:23:33,285 - INFO - sales: inserted 5000 rows
2026-08-10 19:23:33,858 - INFO - sales: inserted 5000 rows
2026-08-10 19:23:34,390 - INFO - sales: inserted 5000 rows
2026-08-10 19:23:34,906 - INFO - sales: inserted 5000 rows
2026-08-10 19:23:35,422 - INFO - sales: inserted 5000 rows
2026-08-10 19:23:35,953 - INFO - sales: inserted 5000 rows
2026-08-10 19:23:36,460 - INFO - sales: inserted 5000 rows
2026-08-10 19:23:36,933 - INFO - sales: inserted 5000 rows
2026-08-10 19:23:37,396 - INFO - sales: inserted 5000 rows
2026-08-10 19:23:37,950 - INFO - sales: inserted 5000 rows
2026-08-10 19:23:38,471 - INFO - sales: inserted 5000 rows
2026-08-10 19:23:38,952 - INFO - sales: inserted 5000 rows
2026-08-10 19:23:39,531 - INFO - sales: inserted 5000 rows
2026-08-10 19:23:40,093 - INFO - sales: inserted 5000 rows
2026-08-10 19:23:40,772 - INFO - sales: inserted 5000 rows
2026-08-10 19:23:41,270 - INFO - sales: inserted 5000 rows
2026-08-10 19:23:41,731 - INFO - sales: inserted 5000 rows
2026-08-10 19:23:42,258 - INFO - sales: inserted 5000 rows
2026-08-10 19:23:42,813 - INFO - sales: inserted 5000 rows
2026-08-10 19:23:43,269 - INFO - sales: inserted 5000 rows
2026-08-10 19:23:43,840 - INFO - sales: inserted 5000 rows
2026-08-10 19:23:44,267 - INFO - sales: inserted 5000 rows
2026-08-10 19:23:44,767 - INFO - sales: inserted 5000 rows
2026-08-10 19:23:45,286 - INFO - sales: inserted 5000 rows
2026-08-10 19:23:45,837 - INFO - sales: inserted 5000 rows
2026-08-10 19:23:46,390 - INFO - sales: inserted 5000 rows
2026-08-10 19:23:46,911 - INFO - sales: inserted 5000 rows
2026-08-10 19:23:47,396 - INFO - sales: inserted 5000 rows
2026-08-10 19:23:47,902 - INFO - sales: inserted 5000 rows
2026-08-10 19:23:48,526 - INFO - sales: inserted 5000 rows
2026-08-10 19:23:48,944 - INFO - sales: inserted 5000 rows
2026-08-10 19:23:49,405 - INFO - sales: inserted 5000 rows
2026-08-10 19:23:49,960 - INFO - sales: inserted 5000 rows
2026-08-10 19:23:50,501 - INFO - sales: inserted 5000 rows
2026-08-10 19:23:50,981 - INFO - sales: inserted 5000 rows
2026-08-10 19:23:51,373 - INFO - sales: inserted 5000 rows
2026-08-10 19:23:51,749 - INFO - sales: inserted 5000 rows
2026-08-10 19:23:52,282 - INFO - sales: inserted 5000 rows
2026-08-10 19:23:52,732 - INFO - sales: inserted 5000 rows
2026-08-10 19:23:53,273 - INFO - sales: inserted 5000 rows
2026-08-10 19:23:53,808 - INFO - sales: inserted 5000 rows
2026-08-10 19:23:54,231 - INFO - sales: inserted 5000 rows
2026-08-10 19:23:54,709 - INFO - sales: inserted 5000 rows
2026-08-10 19:23:55,320 - INFO - sales: inserted 5000 rows
2026-08-10 19:23:55,681 - INFO - sales: inserted 5000 rows
2026-08-10 19:23:56,110 - INFO - sales: inserted 5000 rows
2026-08-10 19:23:56,561 - INFO - sales: inserted 5000 rows
2026-08-10 19:23:56,960 - INFO - sales: inserted 5000 rows
2026-08-10 19:23:57,366 - INFO - sales: inserted 5000 rows
2026-08-10 19:23:57,851 - INFO - sales: inserted 5000 rows
2026-08-10 19:23:58,229 - INFO - sales: inserted 5000 rows
2026-08-10 19:23:58,647 - INFO - sales: inserted 5000 rows
2026-08-10 19:23:59,165 - INFO - sales: inserted 5000 rows
2026-08-10 19:23:59,700 - INFO - sales: inserted 5000 rows
2026-08-10 19:24:00,259 - INFO - sales: inserted 5000 rows
2026-08-10 19:24:00,763 - INFO - sales: inserted 5000 rows
2026-08-10 19:24:01,205 - INFO - sales: inserted 5000 rows
2026-08-10 19:24:01,711 - INFO - sales: inserted 5000 rows
2026-08-10 19:24:02,308 - INFO - sales: inserted 5000 rows
2026-08-10 19:24:02,881 - INFO - sales: inserted 5000 rows
2026-08-10 19:24:03,286 - INFO - sales: inserted 5000 rows
2026-08-10 19:24:03,811 - INFO - sales: inserted 5000 rows
2026-08-10 19:24:04,306 - INFO - sales: inserted 5000 rows
2026-08-10 19:24:04,816 - INFO - sales: inserted 5000 rows
2026-08-10 19:24:05,203 - INFO - sales: inserted 5000 rows
2026-08-10 19:24:05,685 - INFO - sales: inserted 5000 rows
2026-08-10 19:24:06,231 - INFO - sales: inserted 5000 rows
2026-08-10 19:24:06,687 - INFO - sales: inserted 5000 rows
2026-08-10 19:24:07,037 - INFO - sales: inserted 5000 rows
2026-08-10 19:24:07,538 - INFO - sales: inserted 5000 rows
2026-08-10 19:24:08,076 - INFO - sales: inserted 5000 rows
2026-08-10 19:24:08,565 - INFO - sales: inserted 5000 rows
2026-08-10 19:24:09,122 - INFO - sales: inserted 5000 rows
2026-08-10 19:24:09,778 - INFO - sales: inserted 5000 rows
2026-08-10 19:24:10,323 - INFO - sales: inserted 5000 rows
2026-08-10 19:24:10,809 - INFO - sales: inserted 5000 rows
2026-08-10 19:24:11,381 - INFO - sales: inserted 5000 rows
2026-08-10 19:24:11,868 - INFO - sales: inserted 5000 rows
2026-08-10 19:24:12,430 - INFO - sales: inserted 5000 rows
2026-08-10 19:24:12,964 - INFO - sales: inserted 5000 rows
2026-08-10 19:24:13,451 - INFO - sales: inserted 5000 rows
2026-08-10 19:24:13,904 - INFO - sales: inserted 5000 rows
2026-08-10 19:24:14,467 - INFO - sales: inserted 5000 rows
2026-08-10 19:24:15,026 - INFO - sales: inserted 5000 rows
2026-08-10 19:24:15,579 - INFO - sales: inserted 5000 rows
2026-08-10 19:24:16,023 - INFO - sales: inserted 5000 rows
2026-08-10 19:24:16,583 - INFO - sales: inserted 5000 rows
2026-08-10 19:24:17,147 - INFO - sales: inserted 5000 rows
2026-08-10 19:24:17,883 - INFO - sales: inserted 5000 rows
2026-08-10 19:24:18,383 - INFO - sales: inserted 5000 rows
2026-08-10 19:24:18,904 - INFO - sales: inserted 5000 rows
2026-08-10 19:24:19,413 - INFO - sales: inserted 5000 rows
2026-08-10 19:24:19,955 - INFO - sales: inserted 5000 rows
2026-08-10 19:24:20,533 - INFO - sales: inserted 5000 rows
2026-08-10 19:24:21,135 - INFO - sales: inserted 5000 rows
2026-08-10 19:24:21,646 - INFO - sales: inserted 5000 rows
2026-08-10 19:24:22,128 - INFO - sales: inserted 5000 rows
2026-08-10 19:24:22,599 - INFO - sales: inserted 5000 rows
2026-08-10 19:24:23,039 - INFO - sales: inserted 5000 rows
2026-08-10 19:24:23,531 - INFO - sales: inserted 5000 rows
2026-08-10 19:24:24,000 - INFO - sales: inserted 5000 rows
2026-08-10 19:24:24,535 - INFO - sales: inserted 5000 rows
2026-08-10 19:24:24,972 - INFO - sales: inserted 5000 rows
2026-08-10 19:24:25,494 - INFO - sales: inserted 5000 rows
2026-08-10 19:24:26,054 - INFO - sales: inserted 5000 rows
2026-08-10 19:24:26,660 - INFO - sales: inserted 5000 rows
2026-08-10 19:24:27,179 - INFO - sales: inserted 5000 rows
2026-08-10 19:24:27,715 - INFO - sales: inserted 5000 rows
2026-08-10 19:24:28,201 - INFO - sales: inserted 5000 rows
2026-08-10 19:24:28,658 - INFO - sales: inserted 5000 rows
2026-08-10 19:24:29,171 - INFO - sales: inserted 5000 rows
2026-08-10 19:24:29,690 - INFO - sales: inserted 5000 rows
2026-08-10 19:24:30,240 - INFO - sales: inserted 5000 rows
2026-08-10 19:24:30,724 - INFO - sales: inserted 5000 rows
2026-08-10 19:24:31,492 - INFO - sales: inserted 5000 rows
2026-08-10 19:24:31,986 - INFO - sales: inserted 5000 rows
2026-08-10 19:24:32,486 - INFO - sales: inserted 5000 rows
2026-08-10 19:24:33,058 - INFO - sales: inserted 5000 rows
2026-08-10 19:24:33,764 - INFO - sales: inserted 5000 rows
2026-08-10 19:24:34,127 - INFO - sales: inserted 5000 rows
2026-08-10 19:24:34,713 - INFO - sales: inserted 5000 rows
2026-08-10 19:24:35,208 - INFO - sales: inserted 5000 rows
2026-08-10 19:24:35,705 - INFO - sales: inserted 5000 rows
2026-08-10 19:24:36,244 - INFO - sales: inserted 5000 rows
2026-08-10 19:24:36,722 - INFO - sales: inserted 5000 rows
2026-08-10 19:24:37,299 - INFO - sales: inserted 5000 rows
2026-08-10 19:24:37,822 - INFO - sales: inserted 5000 rows
2026-08-10 19:24:38,342 - INFO - sales: inserted 5000 rows
2026-08-10 19:24:38,887 - INFO - sales: inserted 5000 rows
2026-08-10 19:24:39,395 - INFO - sales: inserted 5000 rows
2026-08-10 19:24:39,926 - INFO - sales: inserted 5000 rows
2026-08-10 19:24:40,431 - INFO - sales: inserted 5000 rows
2026-08-10 19:24:40,900 - INFO - sales: inserted 5000 rows
2026-08-10 19:24:41,439 - INFO - sales: inserted 5000 rows
2026-08-10 19:24:41,853 - INFO - sales: inserted 5000 rows
2026-08-10 19:24:42,527 - INFO - sales: inserted 5000 rows
2026-08-10 19:24:42,989 - INFO - sales: inserted 5000 rows
2026-08-10 19:24:43,490 - INFO - sales: inserted 5000 rows
2026-08-10 19:24:43,885 - INFO - sales: inserted 5000 rows
2026-08-10 19:24:44,270 - INFO - sales: inserted 5000 rows
2026-08-10 19:24:44,831 - INFO - sales: inserted 5000 rows
2026-08-10 19:24:45,358 - INFO - sales: inserted 5000 rows
2026-08-10 19:24:45,854 - INFO - sales: inserted 5000 rows
2026-08-10 19:24:46,404 - INFO - sales: inserted 5000 rows
2026-08-10 19:24:46,887 - INFO - sales: inserted 5000 rows
2026-08-10 19:24:47,395 - INFO - sales: inserted 5000 rows
2026-08-10 19:24:47,891 - INFO - sales: inserted 5000 rows
2026-08-10 19:24:48,375 - INFO - sales: inserted 5000 rows
2026-08-10 19:24:48,839 - INFO - sales: inserted 5000 rows
2026-08-10 19:24:49,392 - INFO - sales: inserted 5000 rows
2026-08-10 19:24:50,089 - INFO - sales: inserted 5000 rows
2026-08-10 19:24:50,634 - INFO - sales: inserted 5000 rows
2026-08-10 19:24:51,119 - INFO - sales: inserted 5000 rows
2026-08-10 19:24:51,639 - INFO - sales: inserted 5000 rows
2026-08-10 19:24:52,178 - INFO - sales: inserted 5000 rows
2026-08-10 19:24:52,748 - INFO - sales: inserted 5000 rows
2026-08-10 19:24:53,205 - INFO - sales: inserted 5000 rows
2026-08-10 19:24:53,727 - INFO - sales: inserted 5000 rows
2026-08-10 19:24:54,259 - INFO - sales: inserted 5000 rows
2026-08-10 19:24:54,732 - INFO - sales: inserted 5000 rows
2026-08-10 19:24:55,108 - INFO - sales: inserted 5000 rows
2026-08-10 19:24:55,592 - INFO - sales: inserted 5000 rows
2026-08-10 19:24:56,129 - INFO - sales: inserted 5000 rows
2026-08-10 19:24:56,624 - INFO - sales: inserted 5000 rows
2026-08-10 19:24:57,107 - INFO - sales: inserted 5000 rows
2026-08-10 19:24:57,641 - INFO - sales: inserted 5000 rows
2026-08-10 19:24:58,294 - INFO - sales: inserted 5000 rows
2026-08-10 19:24:58,765 - INFO - sales: inserted 5000 rows
2026-08-10 19:24:59,275 - INFO - sales: inserted 5000 rows
2026-08-10 19:24:59,776 - INFO - sales: inserted 5000 rows
2026-08-10 19:25:00,298 - INFO - sales: inserted 5000 rows
2026-08-10 19:25:00,790 - INFO - sales: inserted 5000 rows
2026-08-10 19:25:01,323 - INFO - sales: inserted 5000 rows
2026-08-10 19:25:01,735 - INFO - sales: inserted 5000 rows
2026-08-10 19:25:02,274 - INFO - sales: inserted 5000 rows
2026-08-10 19:25:02,680 - INFO - sales: inserted 5000 rows
2026-08-10 19:25:03,204 - INFO - sales: inserted 5000 rows
2026-08-10 19:25:03,651 - INFO - sales: inserted 5000 rows
2026-08-10 19:25:04,062 - INFO - sales: inserted 5000 rows
2026-08-10 19:25:04,538 - INFO - sales: inserted 5000 rows
2026-08-10 19:25:04,954 - INFO - sales: inserted 5000 rows
2026-08-10 19:25:05,470 - INFO - sales: inserted 5000 rows
2026-08-10 19:25:06,183 - INFO - sales: inserted 5000 rows
2026-08-10 19:25:06,644 - INFO - sales: inserted 5000 rows
2026-08-10 19:25:07,160 - INFO - sales: inserted 5000 rows
2026-08-10 19:25:07,617 - INFO - sales: inserted 5000 rows
2026-08-10 19:25:08,398 - INFO - sales: inserted 5000 rows
2026-08-10 19:25:08,913 - INFO - sales: inserted 5000 rows
2026-08-10 19:25:09,448 - INFO - sales: inserted 5000 rows
2026-08-10 19:25:09,970 - INFO - sales: inserted 5000 rows
2026-08-10 19:25:10,591 - INFO - sales: inserted 5000 rows
2026-08-10 19:25:11,142 - INFO - sales: inserted 5000 rows
2026-08-10 19:25:11,699 - INFO - sales: inserted 5000 rows
2026-08-10 19:25:12,241 - INFO - sales: inserted 5000 rows
2026-08-10 19:25:12,819 - INFO - sales: inserted 5000 rows
2026-08-10 19:25:13,345 - INFO - sales: inserted 5000 rows
2026-08-10 19:25:13,838 - INFO - sales: inserted 5000 rows
2026-08-10 19:25:14,395 - INFO - sales: inserted 5000 rows
2026-08-10 19:25:14,881 - INFO - sales: inserted 5000 rows
2026-08-10 19:25:15,524 - INFO - sales: inserted 5000 rows
2026-08-10 19:25:16,087 - INFO - sales: inserted 5000 rows
2026-08-10 19:25:16,621 - INFO - sales: inserted 5000 rows
2026-08-10 19:25:17,159 - INFO - sales: inserted 5000 rows
2026-08-10 19:25:17,690 - INFO - sales: inserted 5000 rows
2026-08-10 19:25:18,229 - INFO - sales: inserted 5000 rows
2026-08-10 19:25:18,779 - INFO - sales: inserted 5000 rows
2026-08-10 19:25:19,265 - INFO - sales: inserted 5000 rows
2026-08-10 19:25:19,772 - INFO - sales: inserted 5000 rows
2026-08-10 19:25:20,338 - INFO - sales: inserted 5000 rows
2026-08-10 19:25:20,870 - INFO - sales: inserted 5000 rows
2026-08-10 19:25:21,402 - INFO - sales: inserted 5000 rows
2026-08-10 19:25:21,841 - INFO - sales: inserted 5000 rows
2026-08-10 19:25:22,452 - INFO - sales: inserted 5000 rows
2026-08-10 19:25:23,003 - INFO - sales: inserted 5000 rows
2026-08-10 19:25:23,575 - INFO - sales: inserted 5000 rows
2026-08-10 19:25:24,284 - INFO - sales: inserted 5000 rows
2026-08-10 19:25:24,818 - INFO - sales: inserted 5000 rows
2026-08-10 19:25:25,348 - INFO - sales: inserted 5000 rows
2026-08-10 19:25:25,894 - INFO - sales: inserted 5000 rows
2026-08-10 19:25:26,494 - INFO - sales: inserted 5000 rows
2026-08-10 19:25:27,067 - INFO - sales: inserted 5000 rows
2026-08-10 19:25:27,581 - INFO - sales: inserted 5000 rows
2026-08-10 19:25:28,102 - INFO - sales: inserted 5000 rows
2026-08-10 19:25:28,616 - INFO - sales: inserted 5000 rows
2026-08-10 19:25:29,037 - INFO - sales: inserted 5000 rows
2026-08-10 19:25:29,624 - INFO - sales: inserted 5000 rows
2026-08-10 19:25:30,151 - INFO - sales: inserted 5000 rows
2026-08-10 19:25:30,745 - INFO - sales: inserted 5000 rows
2026-08-10 19:25:31,303 - INFO - sales: inserted 5000 rows
2026-08-10 19:25:31,782 - INFO - sales: inserted 5000 rows
2026-08-10 19:25:32,331 - INFO - sales: inserted 5000 rows
2026-08-10 19:25:32,752 - INFO - sales: inserted 5000 rows
2026-08-10 19:25:33,299 - INFO - sales: inserted 5000 rows
2026-08-10 19:25:34,045 - INFO - sales: inserted 5000 rows
2026-08-10 19:25:34,620 - INFO - sales: inserted 5000 rows
2026-08-10 19:25:35,148 - INFO - sales: inserted 5000 rows
2026-08-10 19:25:35,670 - INFO - sales: inserted 5000 rows
2026-08-10 19:25:36,176 - INFO - sales: inserted 5000 rows
2026-08-10 19:25:36,651 - INFO - sales: inserted 5000 rows
2026-08-10 19:25:37,196 - INFO - sales: inserted 5000 rows
2026-08-10 19:25:37,782 - INFO - sales: inserted 5000 rows
2026-08-10 19:25:38,371 - INFO - sales: inserted 5000 rows
2026-08-10 19:25:38,897 - INFO - sales: inserted 5000 rows
2026-08-10 19:25:39,255 - INFO - sales: inserted 5000 rows
2026-08-10 19:25:39,705 - INFO - sales: inserted 5000 rows
2026-08-10 19:25:40,215 - INFO - sales: inserted 5000 rows
2026-08-10 19:25:40,816 - INFO - sales: inserted 5000 rows
2026-08-10 19:25:41,361 - INFO - sales: inserted 5000 rows
2026-08-10 19:25:41,863 - INFO - sales: inserted 5000 rows
2026-08-10 19:25:42,691 - INFO - sales: inserted 5000 rows
2026-08-10 19:25:43,199 - INFO - sales: inserted 5000 rows
2026-08-10 19:25:43,680 - INFO - sales: inserted 5000 rows
2026-08-10 19:25:44,224 - INFO - sales: inserted 5000 rows
2026-08-10 19:25:44,892 - INFO - sales: inserted 5000 rows
2026-08-10 19:25:45,434 - INFO - sales: inserted 5000 rows
2026-08-10 19:25:45,977 - INFO - sales: inserted 5000 rows
2026-08-10 19:25:46,441 - INFO - sales: inserted 5000 rows
2026-08-10 19:25:46,964 - INFO - sales: inserted 5000 rows
2026-08-10 19:25:47,547 - INFO - sales: inserted 5000 rows
2026-08-10 19:25:48,095 - INFO - sales: inserted 5000 rows
2026-08-10 19:25:48,509 - INFO - sales: inserted 5000 rows
2026-08-10 19:25:49,004 - INFO - sales: inserted 5000 rows
2026-08-10 19:25:49,509 - INFO - sales: inserted 5000 rows
2026-08-10 19:25:50,027 - INFO - sales: inserted 5000 rows
2026-08-10 19:25:50,577 - INFO - sales: inserted 5000 rows
2026-08-10 19:25:51,101 - INFO - sales: inserted 5000 rows
2026-08-10 19:25:51,927 - INFO - sales: inserted 5000 rows
2026-08-10 19:25:52,434 - INFO - sales: inserted 5000 rows
2026-08-10 19:25:52,976 - INFO - sales: inserted 5000 rows
2026-08-10 19:25:53,455 - INFO - sales: inserted 5000 rows
2026-08-10 19:25:53,953 - INFO - sales: inserted 5000 rows
2026-08-10 19:25:54,471 - INFO - sales: inserted 5000 rows
2026-08-10 19:25:55,026 - INFO - sales: inserted 5000 rows
2026-08-10 19:25:55,540 - INFO - sales: inserted 5000 rows
2026-08-10 19:25:56,114 - INFO - sales: inserted 5000 rows
2026-08-10 19:25:56,470 - INFO - sales: inserted 5000 rows
2026-08-10 19:25:56,873 - INFO - sales: inserted 5000 rows
2026-08-10 19:25:57,315 - INFO - sales: inserted 5000 rows
2026-08-10 19:25:57,861 - INFO - sales: inserted 5000 rows
2026-08-10 19:25:58,306 - INFO - sales: inserted 5000 rows
2026-08-10 19:25:58,812 - INFO - sales: inserted 5000 rows
2026-08-10 19:25:59,422 - INFO - sales: inserted 5000 rows
2026-08-10 19:25:59,956 - INFO - sales: inserted 5000 rows
2026-08-10 19:26:00,488 - INFO - sales: inserted 5000 rows
2026-08-10 19:26:01,017 - INFO - sales: inserted 5000 rows
2026-08-10 19:26:01,391 - INFO - sales: inserted 5000 rows
2026-08-10 19:26:01,871 - INFO - sales: inserted 5000 rows
2026-08-10 19:26:02,411 - INFO - sales: inserted 5000 rows
2026-08-10 19:26:02,893 - INFO - sales: inserted 5000 rows
2026-08-10 19:26:03,416 - INFO - sales: inserted 5000 rows
2026-08-10 19:26:03,926 - INFO - sales: inserted 5000 rows
2026-08-10 19:26:04,451 - INFO - sales: inserted 5000 rows
2026-08-10 19:26:04,987 - INFO - sales: inserted 5000 rows
2026-08-10 19:26:05,395 - INFO - sales: inserted 5000 rows
2026-08-10 19:26:05,987 - INFO - sales: inserted 5000 rows
2026-08-10 19:26:06,692 - INFO - sales: inserted 5000 rows
2026-08-10 19:26:07,152 - INFO - sales: inserted 5000 rows
2026-08-10 19:26:07,548 - INFO - sales: inserted 5000 rows
2026-08-10 19:26:08,137 - INFO - sales: inserted 5000 rows
2026-08-10 19:26:08,687 - INFO - sales: inserted 5000 rows
2026-08-10 19:26:09,205 - INFO - sales: inserted 5000 rows
2026-08-10 19:26:09,836 - INFO - sales: inserted 5000 rows
2026-08-10 19:26:10,305 - INFO - sales: inserted 5000 rows
2026-08-10 19:26:10,815 - INFO - sales: inserted 5000 rows
2026-08-10 19:26:11,354 - INFO - sales: inserted 5000 rows
2026-08-10 19:26:11,911 - INFO - sales: inserted 5000 rows
2026-08-10 19:26:12,440 - INFO - sales: inserted 5000 rows
2026-08-10 19:26:12,905 - INFO - sales: inserted 5000 rows
2026-08-10 19:26:13,356 - INFO - sales: inserted 5000 rows
2026-08-10 19:26:13,918 - INFO - sales: inserted 5000 rows
2026-08-10 19:26:14,688 - INFO - sales: inserted 5000 rows
2026-08-10 19:26:15,251 - INFO - sales: inserted 5000 rows
2026-08-10 19:26:15,850 - INFO - sales: inserted 5000 rows
2026-08-10 19:26:16,441 - INFO - sales: inserted 5000 rows
2026-08-10 19:26:16,919 - INFO - sales: inserted 5000 rows
2026-08-10 19:26:17,429 - INFO - sales: inserted 5000 rows
2026-08-10 19:26:17,929 - INFO - sales: inserted 5000 rows
2026-08-10 19:26:18,428 - INFO - sales: inserted 5000 rows
2026-08-10 19:26:18,886 - INFO - sales: inserted 5000 rows
2026-08-10 19:26:19,605 - INFO - sales: inserted 5000 rows
2026-08-10 19:26:20,129 - INFO - sales: inserted 5000 rows
2026-08-10 19:26:20,684 - INFO - sales: inserted 5000 rows
2026-08-10 19:26:21,267 - INFO - sales: inserted 5000 rows
2026-08-10 19:26:21,837 - INFO - sales: inserted 5000 rows
2026-08-10 19:26:22,240 - INFO - sales: inserted 5000 rows
2026-08-10 19:26:22,620 - INFO - sales: inserted 5000 rows
2026-08-10 19:26:23,020 - INFO - sales: inserted 5000 rows
2026-08-10 19:26:23,492 - INFO - sales: inserted 5000 rows
2026-08-10 19:26:24,052 - INFO - sales: inserted 5000 rows
2026-08-10 19:26:24,533 - INFO - sales: inserted 5000 rows
2026-08-10 19:26:25,044 - INFO - sales: inserted 5000 rows
2026-08-10 19:26:25,508 - INFO - sales: inserted 5000 rows
2026-08-10 19:26:26,000 - INFO - sales: inserted 5000 rows
2026-08-10 19:26:26,522 - INFO - sales: inserted 5000 rows
2026-08-10 19:26:27,065 - INFO - sales: inserted 5000 rows
2026-08-10 19:26:27,491 - INFO - sales: inserted 5000 rows
2026-08-10 19:26:27,981 - INFO - sales: inserted 5000 rows
2026-08-10 19:26:28,541 - INFO - sales: inserted 5000 rows
2026-08-10 19:26:29,147 - INFO - sales: inserted 5000 rows
2026-08-10 19:26:29,694 - INFO - sales: inserted 5000 rows
2026-08-10 19:26:30,257 - INFO - sales: inserted 5000 rows
2026-08-10 19:26:30,811 - INFO - sales: inserted 5000 rows
2026-08-10 19:26:31,398 - INFO - sales: inserted 5000 rows
2026-08-10 19:26:31,958 - INFO - sales: inserted 5000 rows
2026-08-10 19:26:32,411 - INFO - sales: inserted 5000 rows
2026-08-10 19:26:32,862 - INFO - sales: inserted 5000 rows
2026-08-10 19:26:33,356 - INFO - sales: inserted 5000 rows
2026-08-10 19:26:33,896 - INFO - sales: inserted 5000 rows
2026-08-10 19:26:34,413 - INFO - sales: inserted 5000 rows
2026-08-10 19:26:34,966 - INFO - sales: inserted 5000 rows
2026-08-10 19:26:35,426 - INFO - sales: inserted 5000 rows
2026-08-10 19:26:35,886 - INFO - sales: inserted 5000 rows
2026-08-10 19:26:36,608 - INFO - sales: inserted 5000 rows
2026-08-10 19:26:37,177 - INFO - sales: inserted 5000 rows
2026-08-10 19:26:37,712 - INFO - sales: inserted 5000 rows
2026-08-10 19:26:38,317 - INFO - sales: inserted 5000 rows
2026-08-10 19:26:38,904 - INFO - sales: inserted 5000 rows
2026-08-10 19:26:39,429 - INFO - sales: inserted 5000 rows
2026-08-10 19:26:39,922 - INFO - sales: inserted 5000 rows
2026-08-10 19:26:40,459 - INFO - sales: inserted 5000 rows
2026-08-10 19:26:40,945 - INFO - sales: inserted 5000 rows
2026-08-10 19:26:41,485 - INFO - sales: inserted 5000 rows
2026-08-10 19:26:42,040 - INFO - sales: inserted 5000 rows
2026-08-10 19:26:42,516 - INFO - sales: inserted 5000 rows
2026-08-10 19:26:42,981 - INFO - sales: inserted 5000 rows
2026-08-10 19:26:43,434 - INFO - sales: inserted 5000 rows
2026-08-10 19:26:43,919 - INFO - sales: inserted 5000 rows
2026-08-10 19:26:44,662 - INFO - sales: inserted 5000 rows
2026-08-10 19:26:45,191 - INFO - sales: inserted 5000 rows
2026-08-10 19:26:45,751 - INFO - sales: inserted 5000 rows
2026-08-10 19:26:46,252 - INFO - sales: inserted 5000 rows
2026-08-10 19:26:46,784 - INFO - sales: inserted 5000 rows
2026-08-10 19:26:47,213 - INFO - sales: inserted 5000 rows
2026-08-10 19:26:47,741 - INFO - sales: inserted 5000 rows
2026-08-10 19:26:48,275 - INFO - sales: inserted 5000 rows
2026-08-10 19:26:48,751 - INFO - sales: inserted 5000 rows
2026-08-10 19:26:49,291 - INFO - sales: inserted 5000 rows
2026-08-10 19:26:49,685 - INFO - sales: inserted 5000 rows
2026-08-10 19:26:50,259 - INFO - sales: inserted 5000 rows
2026-08-10 19:26:50,753 - INFO - sales: inserted 5000 rows
2026-08-10 19:26:51,256 - INFO - sales: inserted 5000 rows
2026-08-10 19:26:51,781 - INFO - sales: inserted 5000 rows
2026-08-10 19:26:52,441 - INFO - sales: inserted 5000 rows
2026-08-10 19:26:52,931 - INFO - sales: inserted 5000 rows
2026-08-10 19:26:53,474 - INFO - sales: inserted 5000 rows
2026-08-10 19:26:54,023 - INFO - sales: inserted 5000 rows
2026-08-10 19:26:54,584 - INFO - sales: inserted 5000 rows
2026-08-10 19:26:55,114 - INFO - sales: inserted 5000 rows
2026-08-10 19:26:55,894 - INFO - sales: inserted 5000 rows
2026-08-10 19:26:56,251 - INFO - sales: inserted 5000 rows
2026-08-10 19:26:56,811 - INFO - sales: inserted 5000 rows
2026-08-10 19:26:57,307 - INFO - sales: inserted 5000 rows
2026-08-10 19:26:57,811 - INFO - sales: inserted 5000 rows
2026-08-10 19:26:58,358 - INFO - sales: inserted 5000 rows
2026-08-10 19:26:58,810 - INFO - sales: inserted 5000 rows
2026-08-10 19:26:59,286 - INFO - sales: inserted 5000 rows
2026-08-10 19:26:59,749 - INFO - sales: inserted 5000 rows
2026-08-10 19:27:00,408 - INFO - sales: inserted 5000 rows
2026-08-10 19:27:00,948 - INFO - sales: inserted 5000 rows
2026-08-10 19:27:01,503 - INFO - sales: inserted 5000 rows
2026-08-10 19:27:02,041 - INFO - sales: inserted 5000 rows
2026-08-10 19:27:02,569 - INFO - sales: inserted 5000 rows
2026-08-10 19:27:02,971 - INFO - sales: inserted 5000 rows
2026-08-10 19:27:03,498 - INFO - sales: inserted 5000 rows
2026-08-10 19:27:04,004 - INFO - sales: inserted 5000 rows
2026-08-10 19:27:04,566 - INFO - sales: inserted 5000 rows
2026-08-10 19:27:05,179 - INFO - sales: inserted 5000 rows
2026-08-10 19:27:05,705 - INFO - sales: inserted 5000 rows
2026-08-10 19:27:06,283 - INFO - sales: inserted 5000 rows
2026-08-10 19:27:06,797 - INFO - sales: inserted 5000 rows
2026-08-10 19:27:07,364 - INFO - sales: inserted 5000 rows
2026-08-10 19:27:08,037 - INFO - sales: inserted 5000 rows
2026-08-10 19:27:08,559 - INFO - sales: inserted 5000 rows
2026-08-10 19:27:09,140 - INFO - sales: inserted 5000 rows
2026-08-10 19:27:09,630 - INFO - sales: inserted 5000 rows
2026-08-10 19:27:10,108 - INFO - sales: inserted 5000 rows
2026-08-10 19:27:10,655 - INFO - sales: inserted 5000 rows
2026-08-10 19:27:11,098 - INFO - sales: inserted 5000 rows
2026-08-10 19:27:11,670 - INFO - sales: inserted 5000 rows
2026-08-10 19:27:12,180 - INFO - sales: inserted 5000 rows
2026-08-10 19:27:12,816 - INFO - sales: inserted 5000 rows
2026-08-10 19:27:13,419 - INFO - sales: inserted 5000 rows
2026-08-10 19:27:13,952 - INFO - sales: inserted 5000 rows
2026-08-10 19:27:14,512 - INFO - sales: inserted 5000 rows
2026-08-10 19:27:15,039 - INFO - sales: inserted 5000 rows
2026-08-10 19:27:15,504 - INFO - sales: inserted 5000 rows
2026-08-10 19:27:16,006 - INFO - sales: inserted 5000 rows
2026-08-10 19:27:16,667 - INFO - sales: inserted 5000 rows
2026-08-10 19:27:17,161 - INFO - sales: inserted 5000 rows
2026-08-10 19:27:17,653 - INFO - sales: inserted 5000 rows
2026-08-10 19:27:18,143 - INFO - sales: inserted 5000 rows
2026-08-10 19:27:18,626 - INFO - sales: inserted 5000 rows
2026-08-10 19:27:19,169 - INFO - sales: inserted 5000 rows
2026-08-10 19:27:19,771 - INFO - sales: inserted 5000 rows
2026-08-10 19:27:20,240 - INFO - sales: inserted 5000 rows
2026-08-10 19:27:20,786 - INFO - sales: inserted 5000 rows
2026-08-10 19:27:21,233 - INFO - sales: inserted 5000 rows
2026-08-10 19:27:21,684 - INFO - sales: inserted 5000 rows
2026-08-10 19:27:22,254 - INFO - sales: inserted 5000 rows
2026-08-10 19:27:22,696 - INFO - sales: inserted 5000 rows
2026-08-10 19:27:23,026 - INFO - sales: inserted 5000 rows
2026-08-10 19:27:23,520 - INFO - sales: inserted 5000 rows
2026-08-10 19:27:24,231 - INFO - sales: inserted 5000 rows
2026-08-10 19:27:24,751 - INFO - sales: inserted 5000 rows
2026-08-10 19:27:25,249 - INFO - sales: inserted 5000 rows
2026-08-10 19:27:25,742 - INFO - sales: inserted 5000 rows
2026-08-10 19:27:26,276 - INFO - sales: inserted 5000 rows
2026-08-10 19:27:26,852 - INFO - sales: inserted 5000 rows
2026-08-10 19:27:27,407 - INFO - sales: inserted 5000 rows
2026-08-10 19:27:27,889 - INFO - sales: inserted 5000 rows
2026-08-10 19:27:28,409 - INFO - sales: inserted 5000 rows
2026-08-10 19:27:28,893 - INFO - sales: inserted 5000 rows
2026-08-10 19:27:29,352 - INFO - sales: inserted 5000 rows
2026-08-10 19:27:29,796 - INFO - sales: inserted 5000 rows
2026-08-10 19:27:30,404 - INFO - sales: inserted 5000 rows
2026-08-10 19:27:31,080 - INFO - sales: inserted 5000 rows
2026-08-10 19:27:31,480 - INFO - sales: inserted 5000 rows
2026-08-10 19:27:31,979 - INFO - sales: inserted 5000 rows
2026-08-10 19:27:32,424 - INFO - sales: inserted 5000 rows
2026-08-10 19:27:33,076 - INFO - sales: inserted 5000 rows
2026-08-10 19:27:33,510 - INFO - sales: inserted 5000 rows
2026-08-10 19:27:34,002 - INFO - sales: inserted 5000 rows
2026-08-10 19:27:34,448 - INFO - sales: inserted 5000 rows
2026-08-10 19:27:34,988 - INFO - sales: inserted 5000 rows
2026-08-10 19:27:35,666 - INFO - sales: inserted 5000 rows
2026-08-10 19:27:36,195 - INFO - sales: inserted 5000 rows
2026-08-10 19:27:36,744 - INFO - sales: inserted 5000 rows
2026-08-10 19:27:37,306 - INFO - sales: inserted 5000 rows
2026-08-10 19:27:37,937 - INFO - sales: inserted 5000 rows
2026-08-10 19:27:38,480 - INFO - sales: inserted 5000 rows
2026-08-10 19:27:39,043 - INFO - sales: inserted 5000 rows
2026-08-10 19:27:39,587 - INFO - sales: inserted 5000 rows
2026-08-10 19:27:40,198 - INFO - sales: inserted 5000 rows
2026-08-10 19:27:40,656 - INFO - sales: inserted 5000 rows
2026-08-10 19:27:41,353 - INFO - sales: inserted 5000 rows
2026-08-10 19:27:41,898 - INFO - sales: inserted 5000 rows
2026-08-10 19:27:42,366 - INFO - sales: inserted 5000 rows
2026-08-10 19:27:42,892 - INFO - sales: inserted 5000 rows
2026-08-10 19:27:43,401 - INFO - sales: inserted 5000 rows
2026-08-10 19:27:43,898 - INFO - sales: inserted 5000 rows
2026-08-10 19:27:44,448 - INFO - sales: inserted 5000 rows
2026-08-10 19:27:44,949 - INFO - sales: inserted 5000 rows
2026-08-10 19:27:45,488 - INFO - sales: inserted 5000 rows
2026-08-10 19:27:45,905 - INFO - sales: inserted 5000 rows
2026-08-10 19:27:46,449 - INFO - sales: inserted 5000 rows
2026-08-10 19:27:46,933 - INFO - sales: inserted 5000 rows
2026-08-10 19:27:47,569 - INFO - sales: inserted 5000 rows
2026-08-10 19:27:48,082 - INFO - sales: inserted 5000 rows
2026-08-10 19:27:48,549 - INFO - sales: inserted 5000 rows
2026-08-10 19:27:49,059 - INFO - sales: inserted 5000 rows
2026-08-10 19:27:49,749 - INFO - sales: inserted 5000 rows
2026-08-10 19:27:50,212 - INFO - sales: inserted 5000 rows
2026-08-10 19:27:50,686 - INFO - sales: inserted 5000 rows
2026-08-10 19:27:51,125 - INFO - sales: inserted 5000 rows
2026-08-10 19:27:51,525 - INFO - sales: inserted 5000 rows
2026-08-10 19:27:52,088 - INFO - sales: inserted 5000 rows
2026-08-10 19:27:52,535 - INFO - sales: inserted 5000 rows
2026-08-10 19:27:53,034 - INFO - sales: inserted 5000 rows
2026-08-10 19:27:53,543 - INFO - sales: inserted 5000 rows
2026-08-10 19:27:54,033 - INFO - sales: inserted 5000 rows
2026-08-10 19:27:54,473 - INFO - sales: inserted 5000 rows
2026-08-10 19:27:55,017 - INFO - sales: inserted 5000 rows
2026-08-10 19:27:55,562 - INFO - sales: inserted 5000 rows
2026-08-10 19:27:56,007 - INFO - sales: inserted 5000 rows
2026-08-10 19:27:56,498 - INFO - sales: inserted 5000 rows
2026-08-10 19:27:57,048 - INFO - sales: inserted 5000 rows
2026-08-10 19:27:57,682 - INFO - sales: inserted 5000 rows
2026-08-10 19:27:58,321 - INFO - sales: inserted 5000 rows
2026-08-10 19:27:58,785 - INFO - sales: inserted 5000 rows
2026-08-10 19:27:59,327 - INFO - sales: inserted 5000 rows
2026-08-10 19:27:59,759 - INFO - sales: inserted 5000 rows
2026-08-10 19:28:00,152 - INFO - sales: inserted 5000 rows
2026-08-10 19:28:00,622 - INFO - sales: inserted 5000 rows
2026-08-10 19:28:01,108 - INFO - sales: inserted 5000 rows
2026-08-10 19:28:01,598 - INFO - sales: inserted 5000 rows
2026-08-10 19:28:02,046 - INFO - sales: inserted 5000 rows
2026-08-10 19:28:02,484 - INFO - sales: inserted 5000 rows
2026-08-10 19:28:02,967 - INFO - sales: inserted 5000 rows
2026-08-10 19:28:03,425 - INFO - sales: inserted 5000 rows
2026-08-10 19:28:03,903 - INFO - sales: inserted 5000 rows
2026-08-10 19:28:04,351 - INFO - sales: inserted 5000 rows
2026-08-10 19:28:05,026 - INFO - sales: inserted 5000 rows
2026-08-10 19:28:05,574 - INFO - sales: inserted 5000 rows
2026-08-10 19:28:06,115 - INFO - sales: inserted 5000 rows
2026-08-10 19:28:06,781 - INFO - sales: inserted 5000 rows
2026-08-10 19:28:07,225 - INFO - sales: inserted 5000 rows
2026-08-10 19:28:07,660 - INFO - sales: inserted 5000 rows
2026-08-10 19:28:08,074 - INFO - sales: inserted 5000 rows
2026-08-10 19:28:08,577 - INFO - sales: inserted 5000 rows
2026-08-10 19:28:09,030 - INFO - sales: inserted 5000 rows
2026-08-10 19:28:09,504 - INFO - sales: inserted 5000 rows
2026-08-10 19:28:10,026 - INFO - sales: inserted 5000 rows
2026-08-10 19:28:10,354 - INFO - sales: inserted 5000 rows
2026-08-10 19:28:10,829 - INFO - sales: inserted 5000 rows
2026-08-10 19:28:11,308 - INFO - sales: inserted 5000 rows
2026-08-10 19:28:11,802 - INFO - sales: inserted 5000 rows
2026-08-10 19:28:12,288 - INFO - sales: inserted 5000 rows
2026-08-10 19:28:12,743 - INFO - sales: inserted 5000 rows
2026-08-10 19:28:13,263 - INFO - sales: inserted 5000 rows
2026-08-10 19:28:13,762 - INFO - sales: inserted 5000 rows
2026-08-10 19:28:14,574 - INFO - sales: inserted 5000 rows
2026-08-10 19:28:15,087 - INFO - sales: inserted 5000 rows
2026-08-10 19:28:15,705 - INFO - sales: inserted 5000 rows
2026-08-10 19:28:16,239 - INFO - sales: inserted 5000 rows
2026-08-10 19:28:16,709 - INFO - sales: inserted 5000 rows
2026-08-10 19:28:17,294 - INFO - sales: inserted 5000 rows
2026-08-10 19:28:17,822 - INFO - sales: inserted 5000 rows
2026-08-10 19:28:18,391 - INFO - sales: inserted 5000 rows
2026-08-10 19:28:18,829 - INFO - sales: inserted 5000 rows
2026-08-10 19:28:19,334 - INFO - sales: inserted 5000 rows
2026-08-10 19:28:19,825 - INFO - sales: inserted 5000 rows
2026-08-10 19:28:20,364 - INFO - sales: inserted 5000 rows
2026-08-10 19:28:20,802 - INFO - sales: inserted 5000 rows
2026-08-10 19:28:21,432 - INFO - sales: inserted 5000 rows
2026-08-10 19:28:21,913 - INFO - sales: inserted 5000 rows
2026-08-10 19:28:22,334 - INFO - sales: inserted 5000 rows
2026-08-10 19:28:22,737 - INFO - sales: inserted 5000 rows
2026-08-10 19:28:23,137 - INFO - sales: inserted 5000 rows
2026-08-10 19:28:23,704 - INFO - sales: inserted 5000 rows
2026-08-10 19:28:24,221 - INFO - sales: inserted 5000 rows
2026-08-10 19:28:24,745 - INFO - sales: inserted 5000 rows
2026-08-10 19:28:25,270 - INFO - sales: inserted 5000 rows
2026-08-10 19:28:25,791 - INFO - sales: inserted 5000 rows
2026-08-10 19:28:26,316 - INFO - sales: inserted 5000 rows
2026-08-10 19:28:26,809 - INFO - sales: inserted 5000 rows
2026-08-10 19:28:27,301 - INFO - sales: inserted 5000 rows
2026-08-10 19:28:27,818 - INFO - sales: inserted 5000 rows
2026-08-10 19:28:28,254 - INFO - sales: inserted 5000 rows
2026-08-10 19:28:28,766 - INFO - sales: inserted 5000 rows
2026-08-10 19:28:29,456 - INFO - sales: inserted 5000 rows
2026-08-10 19:28:29,943 - INFO - sales: inserted 5000 rows
2026-08-10 19:28:30,443 - INFO - sales: inserted 5000 rows
2026-08-10 19:28:30,913 - INFO - sales: inserted 5000 rows
2026-08-10 19:28:31,351 - INFO - sales: inserted 5000 rows
2026-08-10 19:28:31,904 - INFO - sales: inserted 5000 rows
2026-08-10 19:28:32,421 - INFO - sales: inserted 5000 rows
2026-08-10 19:28:32,931 - INFO - sales: inserted 5000 rows
2026-08-10 19:28:33,441 - INFO - sales: inserted 5000 rows
2026-08-10 19:28:33,904 - INFO - sales: inserted 5000 rows
2026-08-10 19:28:34,406 - INFO - sales: inserted 5000 rows
2026-08-10 19:28:34,920 - INFO - sales: inserted 5000 rows
2026-08-10 19:28:35,459 - INFO - sales: inserted 5000 rows
2026-08-10 19:28:36,002 - INFO - sales: inserted 5000 rows
2026-08-10 19:28:36,662 - INFO - sales: inserted 5000 rows
2026-08-10 19:28:37,114 - INFO - sales: inserted 5000 rows
2026-08-10 19:28:37,681 - INFO - sales: inserted 5000 rows
2026-08-10 19:28:38,026 - INFO - sales: inserted 5000 rows
2026-08-10 19:28:38,619 - INFO - sales: inserted 5000 rows
2026-08-10 19:28:39,242 - INFO - sales: inserted 5000 rows
2026-08-10 19:28:39,733 - INFO - sales: inserted 5000 rows
2026-08-10 19:28:40,179 - INFO - sales: inserted 5000 rows
2026-08-10 19:28:40,667 - INFO - sales: inserted 5000 rows
2026-08-10 19:28:41,128 - INFO - sales: inserted 5000 rows
2026-08-10 19:28:41,730 - INFO - sales: inserted 5000 rows
2026-08-10 19:28:42,391 - INFO - sales: inserted 5000 rows
2026-08-10 19:28:43,105 - INFO - sales: inserted 5000 rows
2026-08-10 19:28:43,679 - INFO - sales: inserted 5000 rows
2026-08-10 19:28:44,350 - INFO - sales: inserted 5000 rows
2026-08-10 19:28:44,845 - INFO - sales: inserted 5000 rows
2026-08-10 19:28:45,454 - INFO - sales: inserted 5000 rows
2026-08-10 19:28:45,939 - INFO - sales: inserted 5000 rows
2026-08-10 19:28:46,412 - INFO - sales: inserted 5000 rows
2026-08-10 19:28:46,962 - INFO - sales: inserted 5000 rows
2026-08-10 19:28:47,517 - INFO - sales: inserted 5000 rows
2026-08-10 19:28:48,081 - INFO - sales: inserted 5000 rows
2026-08-10 19:28:48,687 - INFO - sales: inserted 5000 rows
2026-08-10 19:28:49,268 - INFO - sales: inserted 5000 rows
2026-08-10 19:28:49,833 - INFO - sales: inserted 5000 rows
2026-08-10 19:28:50,247 - INFO - sales: inserted 5000 rows
2026-08-10 19:28:50,833 - INFO - sales: inserted 5000 rows
2026-08-10 19:28:51,427 - INFO - sales: inserted 5000 rows
2026-08-10 19:28:51,915 - INFO - sales: inserted 5000 rows
2026-08-10 19:28:52,397 - INFO - sales: inserted 5000 rows
2026-08-10 19:28:53,022 - INFO - sales: inserted 5000 rows
2026-08-10 19:28:53,486 - INFO - sales: inserted 5000 rows
2026-08-10 19:28:54,052 - INFO - sales: inserted 5000 rows
2026-08-10 19:28:54,402 - INFO - sales: inserted 5000 rows
2026-08-10 19:28:54,880 - INFO - sales: inserted 5000 rows
2026-08-10 19:28:55,322 - INFO - sales: inserted 5000 rows
2026-08-10 19:28:55,862 - INFO - sales: inserted 5000 rows
2026-08-10 19:28:56,288 - INFO - sales: inserted 5000 rows
2026-08-10 19:28:56,830 - INFO - sales: inserted 5000 rows
2026-08-10 19:28:57,284 - INFO - sales: inserted 5000 rows
2026-08-10 19:28:57,810 - INFO - sales: inserted 5000 rows
2026-08-10 19:28:58,275 - INFO - sales: inserted 5000 rows
2026-08-10 19:28:58,799 - INFO - sales: inserted 5000 rows
2026-08-10 19:28:59,227 - INFO - sales: inserted 5000 rows
2026-08-10 19:28:59,675 - INFO - sales: inserted 5000 rows
2026-08-10 19:29:00,346 - INFO - sales: inserted 5000 rows
2026-08-10 19:29:00,792 - INFO - sales: inserted 5000 rows
2026-08-10 19:29:01,281 - INFO - sales: inserted 5000 rows
2026-08-10 19:29:01,797 - INFO - sales: inserted 5000 rows
2026-08-10 19:29:02,277 - INFO - sales: inserted 5000 rows
2026-08-10 19:29:02,790 - INFO - sales: inserted 5000 rows
2026-08-10 19:29:03,218 - INFO - sales: inserted 5000 rows
2026-08-10 19:29:03,757 - INFO - sales: inserted 5000 rows
2026-08-10 19:29:04,090 - INFO - sales: inserted 5000 rows
2026-08-10 19:29:04,664 - INFO - sales: inserted 5000 rows
2026-08-10 19:29:05,188 - INFO - sales: inserted 5000 rows
2026-08-10 19:29:05,710 - INFO - sales: inserted 5000 rows
2026-08-10 19:29:06,171 - INFO - sales: inserted 5000 rows
2026-08-10 19:29:06,619 - INFO - sales: inserted 5000 rows
2026-08-10 19:29:07,157 - INFO - sales: inserted 5000 rows
2026-08-10 19:29:07,830 - INFO - sales: inserted 5000 rows
2026-08-10 19:29:08,382 - INFO - sales: inserted 5000 rows
2026-08-10 19:29:08,939 - INFO - sales: inserted 5000 rows
2026-08-10 19:29:09,438 - INFO - sales: inserted 5000 rows
2026-08-10 19:29:09,917 - INFO - sales: inserted 5000 rows
2026-08-10 19:29:10,436 - INFO - sales: inserted 5000 rows
2026-08-10 19:29:11,302 - INFO - sales: inserted 5000 rows
2026-08-10 19:29:11,787 - INFO - sales: inserted 5000 rows
2026-08-10 19:29:12,243 - INFO - sales: inserted 5000 rows
2026-08-10 19:29:12,642 - INFO - sales: inserted 5000 rows
2026-08-10 19:29:13,033 - INFO - sales: inserted 5000 rows
2026-08-10 19:29:13,458 - INFO - sales: inserted 5000 rows
2026-08-10 19:29:13,932 - INFO - sales: inserted 5000 rows
2026-08-10 19:29:14,390 - INFO - sales: inserted 5000 rows
2026-08-10 19:29:14,773 - INFO - sales: inserted 5000 rows
2026-08-10 19:29:15,451 - INFO - sales: inserted 5000 rows
2026-08-10 19:29:16,002 - INFO - sales: inserted 5000 rows
2026-08-10 19:29:16,551 - INFO - sales: inserted 5000 rows
2026-08-10 19:29:17,101 - INFO - sales: inserted 5000 rows
2026-08-10 19:29:17,657 - INFO - sales: inserted 5000 rows
2026-08-10 19:29:18,179 - INFO - sales: inserted 5000 rows
2026-08-10 19:29:18,754 - INFO - sales: inserted 5000 rows
2026-08-10 19:29:19,268 - INFO - sales: inserted 5000 rows
2026-08-10 19:29:19,829 - INFO - sales: inserted 5000 rows
2026-08-10 19:29:20,384 - INFO - sales: inserted 5000 rows
2026-08-10 19:29:20,917 - INFO - sales: inserted 5000 rows
2026-08-10 19:29:21,540 - INFO - sales: inserted 5000 rows
2026-08-10 19:29:21,984 - INFO - sales: inserted 5000 rows
2026-08-10 19:29:22,482 - INFO - sales: inserted 5000 rows
2026-08-10 19:29:23,092 - INFO - sales: inserted 5000 rows
2026-08-10 19:29:23,665 - INFO - sales: inserted 5000 rows
2026-08-10 19:29:24,486 - INFO - sales: inserted 5000 rows
2026-08-10 19:29:25,081 - INFO - sales: inserted 5000 rows
2026-08-10 19:29:25,599 - INFO - sales: inserted 5000 rows
2026-08-10 19:29:26,145 - INFO - sales: inserted 5000 rows
2026-08-10 19:29:26,657 - INFO - sales: inserted 5000 rows
2026-08-10 19:29:27,206 - INFO - sales: inserted 5000 rows
2026-08-10 19:29:27,703 - INFO - sales: inserted 5000 rows
2026-08-10 19:29:28,188 - INFO - sales: inserted 5000 rows
2026-08-10 19:29:28,652 - INFO - sales: inserted 5000 rows
2026-08-10 19:29:29,178 - INFO - sales: inserted 5000 rows
2026-08-10 19:29:29,644 - INFO - sales: inserted 5000 rows
2026-08-10 19:29:30,203 - INFO - sales: inserted 5000 rows
2026-08-10 19:29:30,729 - INFO - sales: inserted 5000 rows
2026-08-10 19:29:31,310 - INFO - sales: inserted 5000 rows
2026-08-10 19:29:31,827 - INFO - sales: inserted 5000 rows
2026-08-10 19:29:32,380 - INFO - sales: inserted 5000 rows
2026-08-10 19:29:32,996 - INFO - sales: inserted 5000 rows
2026-08-10 19:29:33,586 - INFO - sales: inserted 5000 rows
2026-08-10 19:29:34,131 - INFO - sales: inserted 5000 rows
2026-08-10 19:29:34,672 - INFO - sales: inserted 5000 rows
2026-08-10 19:29:35,172 - INFO - sales: inserted 5000 rows
2026-08-10 19:29:35,642 - INFO - sales: inserted 5000 rows
2026-08-10 19:29:36,164 - INFO - sales: inserted 5000 rows
2026-08-10 19:29:36,688 - INFO - sales: inserted 5000 rows
2026-08-10 19:29:37,276 - INFO - sales: inserted 5000 rows
2026-08-10 19:29:37,843 - INFO - sales: inserted 5000 rows
2026-08-10 19:29:38,392 - INFO - sales: inserted 5000 rows
2026-08-10 19:29:38,889 - INFO - sales: inserted 5000 rows
2026-08-10 19:29:39,398 - INFO - sales: inserted 5000 rows
2026-08-10 19:29:39,867 - INFO - sales: inserted 5000 rows
2026-08-10 19:29:40,326 - INFO - sales: inserted 5000 rows
2026-08-10 19:29:40,796 - INFO - sales: inserted 5000 rows
2026-08-10 19:29:41,424 - INFO - sales: inserted 5000 rows
2026-08-10 19:29:41,984 - INFO - sales: inserted 5000 rows
2026-08-10 19:29:42,474 - INFO - sales: inserted 5000 rows
2026-08-10 19:29:43,020 - INFO - sales: inserted 5000 rows
2026-08-10 19:29:43,487 - INFO - sales: inserted 5000 rows
2026-08-10 19:29:43,951 - INFO - sales: inserted 5000 rows
2026-08-10 19:29:44,432 - INFO - sales: inserted 5000 rows
2026-08-10 19:29:44,946 - INFO - sales: inserted 5000 rows
2026-08-10 19:29:45,426 - INFO - sales: inserted 5000 rows
2026-08-10 19:29:45,906 - INFO - sales: inserted 5000 rows
2026-08-10 19:29:46,371 - INFO - sales: inserted 5000 rows
2026-08-10 19:29:46,927 - INFO - sales: inserted 5000 rows
2026-08-10 19:29:47,407 - INFO - sales: inserted 5000 rows
2026-08-10 19:29:47,954 - INFO - sales: inserted 5000 rows
2026-08-10 19:29:48,424 - INFO - sales: inserted 5000 rows
2026-08-10 19:29:48,891 - INFO - sales: inserted 5000 rows
2026-08-10 19:29:49,557 - INFO - sales: inserted 5000 rows
2026-08-10 19:29:50,049 - INFO - sales: inserted 5000 rows
2026-08-10 19:29:50,578 - INFO - sales: inserted 5000 rows
2026-08-10 19:29:51,088 - INFO - sales: inserted 5000 rows
2026-08-10 19:29:51,765 - INFO - sales: inserted 5000 rows
2026-08-10 19:29:52,335 - INFO - sales: inserted 5000 rows
2026-08-10 19:29:52,793 - INFO - sales: inserted 5000 rows
2026-08-10 19:29:53,149 - INFO - sales: inserted 5000 rows
2026-08-10 19:29:53,631 - INFO - sales: inserted 5000 rows
2026-08-10 19:29:54,194 - INFO - sales: inserted 5000 rows
2026-08-10 19:29:54,716 - INFO - sales: inserted 5000 rows
2026-08-10 19:29:55,237 - INFO - sales: inserted 5000 rows
2026-08-10 19:29:55,703 - INFO - sales: inserted 5000 rows
2026-08-10 19:29:56,212 - INFO - sales: inserted 5000 rows
2026-08-10 19:29:56,698 - INFO - sales: inserted 5000 rows
2026-08-10 19:29:57,167 - INFO - sales: inserted 5000 rows
2026-08-10 19:29:57,640 - INFO - sales: inserted 5000 rows
2026-08-10 19:29:58,301 - INFO - sales: inserted 5000 rows
2026-08-10 19:29:58,775 - INFO - sales: inserted 5000 rows
2026-08-10 19:29:59,303 - INFO - sales: inserted 5000 rows
2026-08-10 19:29:59,753 - INFO - sales: inserted 5000 rows
2026-08-10 19:30:00,262 - INFO - sales: inserted 5000 rows
2026-08-10 19:30:00,754 - INFO - sales: inserted 5000 rows
2026-08-10 19:30:01,221 - INFO - sales: inserted 5000 rows
2026-08-10 19:30:01,563 - INFO - sales: inserted 5000 rows
2026-08-10 19:30:02,035 - INFO - sales: inserted 5000 rows
2026-08-10 19:30:02,566 - INFO - sales: inserted 5000 rows
2026-08-10 19:30:03,025 - INFO - sales: inserted 5000 rows
2026-08-10 19:30:03,410 - INFO - sales: inserted 5000 rows
2026-08-10 19:30:03,927 - INFO - sales: inserted 5000 rows
2026-08-10 19:30:04,444 - INFO - sales: inserted 5000 rows
2026-08-10 19:30:04,924 - INFO - sales: inserted 5000 rows
2026-08-10 19:30:05,402 - INFO - sales: inserted 5000 rows
2026-08-10 19:30:05,897 - INFO - sales: inserted 5000 rows
2026-08-10 19:30:06,557 - INFO - sales: inserted 5000 rows
2026-08-10 19:30:07,094 - INFO - sales: inserted 5000 rows
2026-08-10 19:30:07,589 - INFO - sales: inserted 5000 rows
2026-08-10 19:30:08,098 - INFO - sales: inserted 5000 rows
2026-08-10 19:30:08,593 - INFO - sales: inserted 5000 rows
2026-08-10 19:30:09,069 - INFO - sales: inserted 5000 rows
2026-08-10 19:30:09,551 - INFO - sales: inserted 5000 rows
2026-08-10 19:30:10,004 - INFO - sales: inserted 5000 rows
2026-08-10 19:30:10,483 - INFO - sales: inserted 5000 rows
2026-08-10 19:30:10,993 - INFO - sales: inserted 5000 rows
2026-08-10 19:30:11,365 - INFO - sales: inserted 5000 rows
2026-08-10 19:30:11,816 - INFO - sales: inserted 5000 rows
2026-08-10 19:30:12,325 - INFO - sales: inserted 5000 rows
2026-08-10 19:30:12,934 - INFO - sales: inserted 5000 rows
2026-08-10 19:30:13,387 - INFO - sales: inserted 5000 rows
2026-08-10 19:30:13,864 - INFO - sales: inserted 5000 rows
2026-08-10 19:30:14,312 - INFO - sales: inserted 5000 rows
2026-08-10 19:30:14,809 - INFO - sales: inserted 5000 rows
2026-08-10 19:30:15,470 - INFO - sales: inserted 5000 rows
2026-08-10 19:30:15,938 - INFO - sales: inserted 5000 rows
2026-08-10 19:30:16,378 - INFO - sales: inserted 5000 rows
2026-08-10 19:30:16,842 - INFO - sales: inserted 5000 rows
2026-08-10 19:30:17,352 - INFO - sales: inserted 5000 rows
2026-08-10 19:30:17,856 - INFO - sales: inserted 5000 rows
2026-08-10 19:30:18,382 - INFO - sales: inserted 5000 rows
2026-08-10 19:30:18,857 - INFO - sales: inserted 5000 rows
2026-08-10 19:30:19,369 - INFO - sales: inserted 5000 rows
2026-08-10 19:30:19,785 - INFO - sales: inserted 5000 rows
2026-08-10 19:30:20,276 - INFO - sales: inserted 5000 rows
2026-08-10 19:30:20,962 - INFO - sales: inserted 5000 rows
2026-08-10 19:30:21,461 - INFO - sales: inserted 5000 rows
2026-08-10 19:30:22,221 - INFO - sales: inserted 5000 rows
2026-08-10 19:30:22,737 - INFO - sales: inserted 5000 rows
2026-08-10 19:30:23,210 - INFO - sales: inserted 5000 rows
2026-08-10 19:30:23,971 - INFO - sales: inserted 5000 rows
2026-08-10 19:30:24,515 - INFO - sales: inserted 5000 rows
2026-08-10 19:30:24,928 - INFO - sales: inserted 5000 rows
2026-08-10 19:30:25,460 - INFO - sales: inserted 5000 rows
2026-08-10 19:30:25,917 - INFO - sales: inserted 5000 rows
2026-08-10 19:30:26,404 - INFO - sales: inserted 5000 rows
2026-08-10 19:30:26,841 - INFO - sales: inserted 5000 rows
2026-08-10 19:30:27,314 - INFO - sales: inserted 5000 rows
2026-08-10 19:30:27,797 - INFO - sales: inserted 5000 rows
2026-08-10 19:30:28,240 - INFO - sales: inserted 5000 rows
2026-08-10 19:30:28,574 - INFO - sales: inserted 5000 rows
2026-08-10 19:30:29,192 - INFO - sales: inserted 5000 rows
2026-08-10 19:30:29,720 - INFO - sales: inserted 5000 rows
2026-08-10 19:30:30,280 - INFO - sales: inserted 5000 rows
2026-08-10 19:30:30,787 - INFO - sales: inserted 5000 rows
2026-08-10 19:30:31,292 - INFO - sales: inserted 5000 rows
2026-08-10 19:30:31,802 - INFO - sales: inserted 5000 rows
2026-08-10 19:30:32,219 - INFO - sales: inserted 5000 rows
2026-08-10 19:30:32,701 - INFO - sales: inserted 5000 rows
2026-08-10 19:30:33,196 - INFO - sales: inserted 5000 rows
2026-08-10 19:30:33,582 - INFO - sales: inserted 5000 rows
2026-08-10 19:30:34,054 - INFO - sales: inserted 5000 rows
2026-08-10 19:30:34,576 - INFO - sales: inserted 5000 rows
2026-08-10 19:30:35,097 - INFO - sales: inserted 5000 rows
2026-08-10 19:30:35,852 - INFO - sales: inserted 5000 rows
2026-08-10 19:30:36,287 - INFO - sales: inserted 5000 rows
2026-08-10 19:30:36,765 - INFO - sales: inserted 5000 rows
2026-08-10 19:30:37,143 - INFO - sales: inserted 5000 rows
2026-08-10 19:30:37,626 - INFO - sales: inserted 5000 rows
2026-08-10 19:30:38,145 - INFO - sales: inserted 5000 rows
2026-08-10 19:30:38,592 - INFO - sales: inserted 5000 rows
2026-08-10 19:30:39,033 - INFO - sales: inserted 5000 rows
2026-08-10 19:30:39,515 - INFO - sales: inserted 5000 rows
2026-08-10 19:30:40,003 - INFO - sales: inserted 5000 rows
2026-08-10 19:30:40,510 - INFO - sales: inserted 5000 rows
2026-08-10 19:30:41,021 - INFO - sales: inserted 5000 rows
2026-08-10 19:30:41,553 - INFO - sales: inserted 5000 rows
2026-08-10 19:30:42,045 - INFO - sales: inserted 5000 rows
2026-08-10 19:30:42,551 - INFO - sales: inserted 5000 rows
2026-08-10 19:30:43,108 - INFO - sales: inserted 5000 rows
2026-08-10 19:30:43,758 - INFO - sales: inserted 5000 rows
2026-08-10 19:30:44,266 - INFO - sales: inserted 5000 rows
2026-08-10 19:30:44,844 - INFO - sales: inserted 5000 rows
2026-08-10 19:30:45,420 - INFO - sales: inserted 5000 rows
2026-08-10 19:30:45,782 - INFO - sales: inserted 5000 rows
2026-08-10 19:30:46,277 - INFO - sales: inserted 5000 rows
2026-08-10 19:30:46,784 - INFO - sales: inserted 5000 rows
2026-08-10 19:30:47,287 - INFO - sales: inserted 5000 rows
2026-08-10 19:30:47,767 - INFO - sales: inserted 5000 rows
2026-08-10 19:30:48,218 - INFO - sales: inserted 5000 rows
2026-08-10 19:30:48,706 - INFO - sales: inserted 5000 rows
2026-08-10 19:30:49,127 - INFO - sales: inserted 5000 rows
2026-08-10 19:30:49,624 - INFO - sales: inserted 5000 rows
2026-08-10 19:30:50,120 - INFO - sales: inserted 5000 rows
2026-08-10 19:30:50,754 - INFO - sales: inserted 5000 rows
2026-08-10 19:30:51,241 - INFO - sales: inserted 5000 rows
2026-08-10 19:30:51,714 - INFO - sales: inserted 5000 rows
2026-08-10 19:30:52,174 - INFO - sales: inserted 5000 rows
2026-08-10 19:30:52,627 - INFO - sales: inserted 5000 rows
2026-08-10 19:30:53,114 - INFO - sales: inserted 5000 rows
2026-08-10 19:30:53,660 - INFO - sales: inserted 5000 rows
2026-08-10 19:30:54,176 - INFO - sales: inserted 5000 rows
2026-08-10 19:30:54,648 - INFO - sales: inserted 5000 rows
2026-08-10 19:30:55,061 - INFO - sales: inserted 5000 rows
2026-08-10 19:30:55,535 - INFO - sales: inserted 5000 rows
2026-08-10 19:30:55,910 - INFO - sales: inserted 5000 rows
2026-08-10 19:30:56,408 - INFO - sales: inserted 5000 rows
2026-08-10 19:30:56,849 - INFO - sales: inserted 5000 rows
2026-08-10 19:30:57,309 - INFO - sales: inserted 5000 rows
2026-08-10 19:30:57,889 - INFO - sales: inserted 5000 rows
2026-08-10 19:30:58,563 - INFO - sales: inserted 5000 rows
2026-08-10 19:30:59,034 - INFO - sales: inserted 5000 rows
2026-08-10 19:30:59,646 - INFO - sales: inserted 5000 rows
2026-08-10 19:31:00,258 - INFO - sales: inserted 5000 rows
2026-08-10 19:31:00,778 - INFO - sales: inserted 5000 rows
2026-08-10 19:31:01,295 - INFO - sales: inserted 5000 rows
2026-08-10 19:31:01,769 - INFO - sales: inserted 5000 rows
2026-08-10 19:31:02,300 - INFO - sales: inserted 5000 rows
2026-08-10 19:31:02,830 - INFO - sales: inserted 5000 rows
2026-08-10 19:31:03,293 - INFO - sales: inserted 5000 rows
2026-08-10 19:31:03,809 - INFO - sales: inserted 5000 rows
2026-08-10 19:31:04,198 - INFO - sales: inserted 5000 rows
2026-08-10 19:31:04,715 - INFO - sales: inserted 5000 rows
2026-08-10 19:31:05,256 - INFO - sales: inserted 5000 rows
2026-08-10 19:31:05,898 - INFO - sales: inserted 5000 rows
2026-08-10 19:31:06,377 - INFO - sales: inserted 5000 rows
2026-08-10 19:31:06,857 - INFO - sales: inserted 5000 rows
2026-08-10 19:31:07,343 - INFO - sales: inserted 5000 rows
2026-08-10 19:31:07,817 - INFO - sales: inserted 5000 rows
2026-08-10 19:31:08,429 - INFO - sales: inserted 5000 rows
2026-08-10 19:31:08,981 - INFO - sales: inserted 5000 rows
2026-08-10 19:31:09,445 - INFO - sales: inserted 5000 rows
2026-08-10 19:31:09,937 - INFO - sales: inserted 5000 rows
2026-08-10 19:31:10,361 - INFO - sales: inserted 5000 rows
2026-08-10 19:31:10,847 - INFO - sales: inserted 5000 rows
2026-08-10 19:31:11,384 - INFO - sales: inserted 5000 rows
2026-08-10 19:31:11,887 - INFO - sales: inserted 5000 rows
2026-08-10 19:31:12,303 - INFO - sales: inserted 5000 rows
2026-08-10 19:31:12,654 - INFO - sales: inserted 5000 rows
2026-08-10 19:31:13,144 - INFO - sales: inserted 5000 rows
2026-08-10 19:31:13,768 - INFO - sales: inserted 5000 rows
2026-08-10 19:31:14,228 - INFO - sales: inserted 5000 rows
2026-08-10 19:31:14,744 - INFO - sales: inserted 5000 rows
2026-08-10 19:31:15,261 - INFO - sales: inserted 5000 rows
2026-08-10 19:31:15,836 - INFO - sales: inserted 5000 rows
2026-08-10 19:31:16,283 - INFO - sales: inserted 5000 rows
2026-08-10 19:31:16,785 - INFO - sales: inserted 5000 rows
2026-08-10 19:31:17,224 - INFO - sales: inserted 5000 rows
2026-08-10 19:31:17,772 - INFO - sales: inserted 5000 rows
2026-08-10 19:31:18,272 - INFO - sales: inserted 5000 rows
2026-08-10 19:31:18,785 - INFO - sales: inserted 5000 rows
2026-08-10 19:31:19,363 - INFO - sales: inserted 5000 rows
2026-08-10 19:31:19,797 - INFO - sales: inserted 5000 rows
2026-08-10 19:31:20,271 - INFO - sales: inserted 5000 rows
2026-08-10 19:31:21,010 - INFO - sales: inserted 5000 rows
2026-08-10 19:31:21,509 - INFO - sales: inserted 5000 rows
2026-08-10 19:31:21,949 - INFO - sales: inserted 5000 rows
2026-08-10 19:31:22,409 - INFO - sales: inserted 5000 rows
2026-08-10 19:31:22,926 - INFO - sales: inserted 5000 rows
2026-08-10 19:31:23,324 - INFO - sales: inserted 5000 rows
2026-08-10 19:31:23,847 - INFO - sales: inserted 5000 rows
2026-08-10 19:31:24,331 - INFO - sales: inserted 5000 rows
2026-08-10 19:31:24,893 - INFO - sales: inserted 5000 rows
2026-08-10 19:31:25,426 - INFO - sales: inserted 5000 rows
2026-08-10 19:31:25,857 - INFO - sales: inserted 5000 rows
2026-08-10 19:31:26,324 - INFO - sales: inserted 5000 rows
2026-08-10 19:31:26,849 - INFO - sales: inserted 5000 rows
2026-08-10 19:31:27,255 - INFO - sales: inserted 5000 rows
2026-08-10 19:31:27,700 - INFO - sales: inserted 5000 rows
2026-08-10 19:31:28,286 - INFO - sales: inserted 5000 rows
2026-08-10 19:31:28,743 - INFO - sales: inserted 5000 rows
2026-08-10 19:31:29,217 - INFO - sales: inserted 5000 rows
2026-08-10 19:31:30,126 - INFO - sales: inserted 5000 rows
2026-08-10 19:31:30,610 - INFO - sales: inserted 5000 rows
2026-08-10 19:31:31,035 - INFO - sales: inserted 5000 rows
2026-08-10 19:31:31,450 - INFO - sales: inserted 5000 rows
2026-08-10 19:31:31,966 - INFO - sales: inserted 5000 rows
2026-08-10 19:31:32,397 - INFO - sales: inserted 5000 rows
2026-08-10 19:31:32,906 - INFO - sales: inserted 5000 rows
2026-08-10 19:31:33,412 - INFO - sales: inserted 5000 rows
2026-08-10 19:31:33,729 - INFO - sales: inserted 5000 rows
2026-08-10 19:31:34,152 - INFO - sales: inserted 5000 rows
2026-08-10 19:31:34,593 - INFO - sales: inserted 5000 rows
2026-08-10 19:31:35,041 - INFO - sales: inserted 5000 rows
2026-08-10 19:31:35,642 - INFO - sales: inserted 5000 rows
2026-08-10 19:31:36,335 - INFO - sales: inserted 5000 rows
2026-08-10 19:31:36,909 - INFO - sales: inserted 5000 rows
2026-08-10 19:31:37,385 - INFO - sales: inserted 5000 rows
2026-08-10 19:31:37,846 - INFO - sales: inserted 5000 rows
2026-08-10 19:31:38,310 - INFO - sales: inserted 5000 rows
2026-08-10 19:31:38,832 - INFO - sales: inserted 5000 rows
2026-08-10 19:31:39,364 - INFO - sales: inserted 5000 rows
2026-08-10 19:31:39,863 - INFO - sales: inserted 5000 rows
2026-08-10 19:31:40,377 - INFO - sales: inserted 5000 rows
2026-08-10 19:31:40,884 - INFO - sales: inserted 5000 rows
2026-08-10 19:31:41,384 - INFO - sales: inserted 5000 rows
2026-08-10 19:31:41,940 - INFO - sales: inserted 5000 rows
2026-08-10 19:31:42,312 - INFO - sales: inserted 5000 rows
2026-08-10 19:31:42,767 - INFO - sales: inserted 5000 rows
2026-08-10 19:31:43,265 - INFO - sales: inserted 5000 rows
2026-08-10 19:31:43,716 - INFO - sales: inserted 5000 rows
2026-08-10 19:31:44,181 - INFO - sales: inserted 5000 rows
2026-08-10 19:31:44,896 - INFO - sales: inserted 5000 rows
2026-08-10 19:31:45,282 - INFO - sales: inserted 5000 rows
2026-08-10 19:31:45,739 - INFO - sales: inserted 5000 rows
2026-08-10 19:31:46,217 - INFO - sales: inserted 5000 rows
2026-08-10 19:31:46,696 - INFO - sales: inserted 5000 rows
2026-08-10 19:31:47,147 - INFO - sales: inserted 5000 rows
2026-08-10 19:31:47,639 - INFO - sales: inserted 5000 rows
2026-08-10 19:31:48,143 - INFO - sales: inserted 5000 rows
2026-08-10 19:31:48,650 - INFO - sales: inserted 5000 rows
2026-08-10 19:31:49,173 - INFO - sales: inserted 5000 rows
2026-08-10 19:31:49,690 - INFO - sales: inserted 5000 rows
2026-08-10 19:31:50,218 - INFO - sales: inserted 5000 rows
2026-08-10 19:31:50,658 - INFO - sales: inserted 5000 rows
2026-08-10 19:31:51,231 - INFO - sales: inserted 5000 rows
2026-08-10 19:31:51,808 - INFO - sales: inserted 5000 rows
2026-08-10 19:31:52,384 - INFO - sales: inserted 5000 rows
2026-08-10 19:31:52,918 - INFO - sales: inserted 5000 rows
2026-08-10 19:31:53,500 - INFO - sales: inserted 5000 rows
2026-08-10 19:31:54,019 - INFO - sales: inserted 5000 rows
2026-08-10 19:31:54,506 - INFO - sales: inserted 5000 rows
2026-08-10 19:31:54,943 - INFO - sales: inserted 5000 rows
2026-08-10 19:31:55,454 - INFO - sales: inserted 5000 rows
2026-08-10 19:31:56,088 - INFO - sales: inserted 5000 rows
2026-08-10 19:31:57,053 - INFO - sales: inserted 5000 rows
2026-08-10 19:31:57,789 - INFO - sales: inserted 5000 rows
2026-08-10 19:31:58,366 - INFO - sales: inserted 5000 rows
2026-08-10 19:31:58,895 - INFO - sales: inserted 5000 rows
2026-08-10 19:31:59,417 - INFO - sales: inserted 5000 rows
2026-08-10 19:32:00,046 - INFO - sales: inserted 5000 rows
2026-08-10 19:32:00,584 - INFO - sales: inserted 5000 rows
2026-08-10 19:32:01,099 - INFO - sales: inserted 5000 rows
2026-08-10 19:32:01,954 - INFO - sales: inserted 5000 rows
2026-08-10 19:32:02,395 - INFO - sales: inserted 5000 rows
2026-08-10 19:32:03,014 - INFO - sales: inserted 5000 rows
2026-08-10 19:32:03,571 - INFO - sales: inserted 5000 rows
2026-08-10 19:32:04,093 - INFO - sales: inserted 5000 rows
2026-08-10 19:32:04,697 - INFO - sales: inserted 5000 rows
2026-08-10 19:32:05,215 - INFO - sales: inserted 5000 rows
2026-08-10 19:32:05,792 - INFO - sales: inserted 5000 rows
2026-08-10 19:32:06,362 - INFO - sales: inserted 5000 rows
2026-08-10 19:32:06,878 - INFO - sales: inserted 5000 rows
2026-08-10 19:32:07,475 - INFO - sales: inserted 5000 rows
2026-08-10 19:32:07,885 - INFO - sales: inserted 5000 rows
2026-08-10 19:32:08,365 - INFO - sales: inserted 5000 rows
2026-08-10 19:32:08,871 - INFO - sales: inserted 5000 rows
2026-08-10 19:32:09,343 - INFO - sales: inserted 5000 rows
2026-08-10 19:32:09,899 - INFO - sales: inserted 5000 rows
2026-08-10 19:32:10,419 - INFO - sales: inserted 5000 rows
2026-08-10 19:32:11,105 - INFO - sales: inserted 5000 rows
2026-08-10 19:32:11,671 - INFO - sales: inserted 5000 rows
2026-08-10 19:32:12,196 - INFO - sales: inserted 5000 rows
2026-08-10 19:32:12,832 - INFO - sales: inserted 5000 rows
2026-08-10 19:32:13,389 - INFO - sales: inserted 5000 rows
2026-08-10 19:32:13,876 - INFO - sales: inserted 5000 rows
2026-08-10 19:32:14,429 - INFO - sales: inserted 5000 rows
2026-08-10 19:32:15,075 - INFO - sales: inserted 5000 rows
2026-08-10 19:32:15,582 - INFO - sales: inserted 5000 rows
2026-08-10 19:32:16,029 - INFO - sales: inserted 5000 rows
2026-08-10 19:32:16,521 - INFO - sales: inserted 5000 rows
2026-08-10 19:32:17,005 - INFO - sales: inserted 5000 rows
2026-08-10 19:32:17,498 - INFO - sales: inserted 5000 rows
2026-08-10 19:32:17,997 - INFO - sales: inserted 5000 rows
2026-08-10 19:32:18,499 - INFO - sales: inserted 5000 rows
2026-08-10 19:32:18,937 - INFO - sales: inserted 5000 rows
2026-08-10 19:32:19,512 - INFO - sales: inserted 5000 rows
2026-08-10 19:32:20,012 - INFO - sales: inserted 5000 rows
2026-08-10 19:32:20,795 - INFO - sales: inserted 5000 rows
2026-08-10 19:32:21,398 - INFO - sales: inserted 5000 rows
2026-08-10 19:32:21,865 - INFO - sales: inserted 5000 rows
2026-08-10 19:32:22,290 - INFO - sales: inserted 5000 rows
2026-08-10 19:32:22,783 - INFO - sales: inserted 5000 rows
2026-08-10 19:32:23,188 - INFO - sales: inserted 5000 rows
2026-08-10 19:32:23,692 - INFO - sales: inserted 5000 rows
2026-08-10 19:32:24,252 - INFO - sales: inserted 5000 rows
2026-08-10 19:32:24,794 - INFO - sales: inserted 5000 rows
2026-08-10 19:32:25,407 - INFO - sales: inserted 5000 rows
2026-08-10 19:32:25,935 - INFO - sales: inserted 5000 rows
2026-08-10 19:32:26,491 - INFO - sales: inserted 5000 rows
2026-08-10 19:32:26,996 - INFO - sales: inserted 5000 rows
2026-08-10 19:32:27,438 - INFO - sales: inserted 5000 rows
2026-08-10 19:32:27,971 - INFO - sales: inserted 5000 rows
2026-08-10 19:32:28,658 - INFO - sales: inserted 5000 rows
2026-08-10 19:32:29,235 - INFO - sales: inserted 5000 rows
2026-08-10 19:32:29,586 - INFO - sales: inserted 5000 rows
2026-08-10 19:32:30,143 - INFO - sales: inserted 5000 rows
2026-08-10 19:32:30,712 - INFO - sales: inserted 5000 rows
2026-08-10 19:32:31,251 - INFO - sales: inserted 5000 rows
2026-08-10 19:32:31,769 - INFO - sales: inserted 5000 rows
2026-08-10 19:32:32,298 - INFO - sales: inserted 5000 rows
2026-08-10 19:32:32,799 - INFO - sales: inserted 5000 rows
2026-08-10 19:32:33,268 - INFO - sales: inserted 5000 rows
2026-08-10 19:32:33,841 - INFO - sales: inserted 5000 rows
2026-08-10 19:32:34,388 - INFO - sales: inserted 5000 rows
2026-08-10 19:32:34,932 - INFO - sales: inserted 5000 rows
2026-08-10 19:32:35,675 - INFO - sales: inserted 5000 rows
2026-08-10 19:32:36,241 - INFO - sales: inserted 5000 rows
2026-08-10 19:32:36,836 - INFO - sales: inserted 5000 rows
2026-08-10 19:32:37,326 - INFO - sales: inserted 5000 rows
2026-08-10 19:32:37,937 - INFO - sales: inserted 5000 rows
2026-08-10 19:32:38,454 - INFO - sales: inserted 5000 rows
2026-08-10 19:32:38,824 - INFO - sales: inserted 5000 rows
2026-08-10 19:32:39,351 - INFO - sales: inserted 5000 rows
2026-08-10 19:32:39,894 - INFO - sales: inserted 5000 rows
2026-08-10 19:32:40,390 - INFO - sales: inserted 5000 rows
2026-08-10 19:32:40,819 - INFO - sales: inserted 5000 rows
2026-08-10 19:32:41,412 - INFO - sales: inserted 5000 rows
2026-08-10 19:32:41,951 - INFO - sales: inserted 5000 rows
2026-08-10 19:32:42,532 - INFO - sales: inserted 5000 rows
2026-08-10 19:32:43,092 - INFO - sales: inserted 5000 rows
2026-08-10 19:32:43,613 - INFO - sales: inserted 5000 rows
2026-08-10 19:32:44,401 - INFO - sales: inserted 5000 rows
2026-08-10 19:32:44,924 - INFO - sales: inserted 5000 rows
2026-08-10 19:32:45,518 - INFO - sales: inserted 5000 rows
2026-08-10 19:32:46,041 - INFO - sales: inserted 5000 rows
2026-08-10 19:32:46,519 - INFO - sales: inserted 5000 rows
2026-08-10 19:32:47,002 - INFO - sales: inserted 5000 rows
2026-08-10 19:32:47,496 - INFO - sales: inserted 5000 rows
2026-08-10 19:32:47,906 - INFO - sales: inserted 5000 rows
2026-08-10 19:32:48,464 - INFO - sales: inserted 5000 rows
2026-08-10 19:32:48,948 - INFO - sales: inserted 5000 rows
2026-08-10 19:32:49,399 - INFO - sales: inserted 5000 rows
2026-08-10 19:32:49,986 - INFO - sales: inserted 5000 rows
2026-08-10 19:32:50,587 - INFO - sales: inserted 5000 rows
2026-08-10 19:32:51,353 - INFO - sales: inserted 5000 rows
2026-08-10 19:32:51,924 - INFO - sales: inserted 5000 rows
2026-08-10 19:32:52,451 - INFO - sales: inserted 5000 rows
2026-08-10 19:32:53,055 - INFO - sales: inserted 5000 rows
2026-08-10 19:32:53,644 - INFO - sales: inserted 5000 rows
2026-08-10 19:32:54,150 - INFO - sales: inserted 5000 rows
2026-08-10 19:32:54,758 - INFO - sales: inserted 5000 rows
2026-08-10 19:32:55,305 - INFO - sales: inserted 5000 rows
2026-08-10 19:32:55,791 - INFO - sales: inserted 5000 rows
2026-08-10 19:32:56,411 - INFO - sales: inserted 5000 rows
2026-08-10 19:32:56,934 - INFO - sales: inserted 5000 rows
2026-08-10 19:32:57,508 - INFO - sales: inserted 5000 rows
2026-08-10 19:32:58,032 - INFO - sales: inserted 5000 rows
2026-08-10 19:32:58,568 - INFO - sales: inserted 5000 rows
2026-08-10 19:32:58,929 - INFO - sales: inserted 5000 rows
2026-08-10 19:32:59,465 - INFO - sales: inserted 5000 rows
2026-08-10 19:33:00,233 - INFO - sales: inserted 5000 rows
2026-08-10 19:33:00,760 - INFO - sales: inserted 5000 rows
2026-08-10 19:33:01,286 - INFO - sales: inserted 5000 rows
2026-08-10 19:33:01,841 - INFO - sales: inserted 5000 rows
2026-08-10 19:33:02,429 - INFO - sales: inserted 5000 rows
2026-08-10 19:33:02,968 - INFO - sales: inserted 5000 rows
2026-08-10 19:33:03,589 - INFO - sales: inserted 5000 rows
2026-08-10 19:33:04,102 - INFO - sales: inserted 5000 rows
2026-08-10 19:33:04,669 - INFO - sales: inserted 5000 rows
2026-08-10 19:33:05,191 - INFO - sales: inserted 5000 rows
2026-08-10 19:33:05,764 - INFO - sales: inserted 5000 rows
2026-08-10 19:33:06,266 - INFO - sales: inserted 5000 rows
2026-08-10 19:33:06,749 - INFO - sales: inserted 5000 rows
2026-08-10 19:33:07,296 - INFO - sales: inserted 5000 rows
2026-08-10 19:33:07,985 - INFO - sales: inserted 5000 rows
2026-08-10 19:33:08,395 - INFO - sales: inserted 5000 rows
2026-08-10 19:33:08,952 - INFO - sales: inserted 5000 rows
2026-08-10 19:33:09,486 - INFO - sales: inserted 5000 rows
2026-08-10 19:33:10,119 - INFO - sales: inserted 5000 rows
2026-08-10 19:33:10,615 - INFO - sales: inserted 5000 rows
2026-08-10 19:33:11,075 - INFO - sales: inserted 5000 rows
2026-08-10 19:33:11,678 - INFO - sales: inserted 5000 rows
2026-08-10 19:33:12,200 - INFO - sales: inserted 5000 rows
2026-08-10 19:33:12,689 - INFO - sales: inserted 5000 rows
2026-08-10 19:33:13,188 - INFO - sales: inserted 5000 rows
2026-08-10 19:33:13,824 - INFO - sales: inserted 5000 rows
2026-08-10 19:33:14,354 - INFO - sales: inserted 5000 rows
2026-08-10 19:33:14,869 - INFO - sales: inserted 5000 rows
2026-08-10 19:33:15,354 - INFO - sales: inserted 5000 rows
2026-08-10 19:33:15,899 - INFO - sales: inserted 5000 rows
2026-08-10 19:33:16,703 - INFO - sales: inserted 5000 rows
2026-08-10 19:33:17,203 - INFO - sales: inserted 5000 rows
2026-08-10 19:33:17,670 - INFO - sales: inserted 5000 rows
2026-08-10 19:33:18,156 - INFO - sales: inserted 5000 rows
2026-08-10 19:33:18,681 - INFO - sales: inserted 5000 rows
2026-08-10 19:33:19,144 - INFO - sales: inserted 5000 rows
2026-08-10 19:33:19,729 - INFO - sales: inserted 5000 rows
2026-08-10 19:33:20,273 - INFO - sales: inserted 5000 rows
2026-08-10 19:33:20,856 - INFO - sales: inserted 5000 rows
2026-08-10 19:33:21,396 - INFO - sales: inserted 5000 rows
2026-08-10 19:33:21,832 - INFO - sales: inserted 5000 rows
2026-08-10 19:33:22,412 - INFO - sales: inserted 5000 rows
2026-08-10 19:33:23,005 - INFO - sales: inserted 5000 rows
2026-08-10 19:33:23,512 - INFO - sales: inserted 5000 rows
2026-08-10 19:33:24,189 - INFO - sales: inserted 5000 rows
2026-08-10 19:33:24,680 - INFO - sales: inserted 5000 rows
2026-08-10 19:33:25,250 - INFO - sales: inserted 5000 rows
2026-08-10 19:33:25,772 - INFO - sales: inserted 5000 rows
2026-08-10 19:33:26,377 - INFO - sales: inserted 5000 rows
2026-08-10 19:33:26,879 - INFO - sales: inserted 5000 rows
2026-08-10 19:33:27,401 - INFO - sales: inserted 5000 rows
2026-08-10 19:33:27,914 - INFO - sales: inserted 5000 rows
2026-08-10 19:33:28,443 - INFO - sales: inserted 5000 rows
2026-08-10 19:33:29,008 - INFO - sales: inserted 5000 rows
2026-08-10 19:33:29,503 - INFO - sales: inserted 5000 rows
2026-08-10 19:33:30,072 - INFO - sales: inserted 5000 rows
2026-08-10 19:33:30,588 - INFO - sales: inserted 5000 rows
2026-08-10 19:33:31,100 - INFO - sales: inserted 5000 rows
2026-08-10 19:33:31,692 - INFO - sales: inserted 5000 rows
2026-08-10 19:33:32,221 - INFO - sales: inserted 5000 rows
2026-08-10 19:33:32,908 - INFO - sales: inserted 5000 rows
2026-08-10 19:33:33,521 - INFO - sales: inserted 5000 rows
2026-08-10 19:33:34,026 - INFO - sales: inserted 5000 rows
2026-08-10 19:33:34,558 - INFO - sales: inserted 5000 rows
2026-08-10 19:33:35,154 - INFO - sales: inserted 5000 rows
2026-08-10 19:33:35,748 - INFO - sales: inserted 5000 rows
2026-08-10 19:33:36,273 - INFO - sales: inserted 5000 rows
2026-08-10 19:33:36,738 - INFO - sales: inserted 5000 rows
2026-08-10 19:33:37,292 - INFO - sales: inserted 5000 rows
2026-08-10 19:33:37,914 - INFO - sales: inserted 5000 rows
2026-08-10 19:33:38,386 - INFO - sales: inserted 5000 rows
2026-08-10 19:33:38,901 - INFO - sales: inserted 5000 rows
2026-08-10 19:33:39,396 - INFO - sales: inserted 5000 rows
2026-08-10 19:33:39,859 - INFO - sales: inserted 5000 rows
2026-08-10 19:33:40,415 - INFO - sales: inserted 5000 rows
2026-08-10 19:33:40,950 - INFO - sales: inserted 5000 rows
2026-08-10 19:33:41,442 - INFO - sales: inserted 5000 rows
2026-08-10 19:33:41,945 - INFO - sales: inserted 5000 rows
2026-08-10 19:33:42,418 - INFO - sales: inserted 5000 rows
2026-08-10 19:33:42,878 - INFO - sales: inserted 5000 rows
2026-08-10 19:33:43,375 - INFO - sales: inserted 5000 rows
2026-08-10 19:33:43,884 - INFO - sales: inserted 5000 rows
2026-08-10 19:33:44,438 - INFO - sales: inserted 5000 rows
2026-08-10 19:33:44,936 - INFO - sales: inserted 5000 rows
2026-08-10 19:33:45,395 - INFO - sales: inserted 5000 rows
2026-08-10 19:33:45,927 - INFO - sales: inserted 5000 rows
2026-08-10 19:33:46,433 - INFO - sales: inserted 5000 rows
2026-08-10 19:33:46,964 - INFO - sales: inserted 5000 rows
2026-08-10 19:33:47,416 - INFO - sales: inserted 5000 rows
2026-08-10 19:33:48,136 - INFO - sales: inserted 5000 rows
2026-08-10 19:33:48,737 - INFO - sales: inserted 5000 rows
2026-08-10 19:33:49,233 - INFO - sales: inserted 5000 rows
2026-08-10 19:33:49,773 - INFO - sales: inserted 5000 rows
2026-08-10 19:33:50,280 - INFO - sales: inserted 5000 rows
2026-08-10 19:33:50,664 - INFO - sales: inserted 5000 rows
2026-08-10 19:33:51,130 - INFO - sales: inserted 5000 rows
2026-08-10 19:33:51,649 - INFO - sales: inserted 5000 rows
2026-08-10 19:33:52,130 - INFO - sales: inserted 5000 rows
2026-08-10 19:33:52,643 - INFO - sales: inserted 5000 rows
2026-08-10 19:33:53,132 - INFO - sales: inserted 5000 rows
2026-08-10 19:33:53,691 - INFO - sales: inserted 5000 rows
2026-08-10 19:33:54,198 - INFO - sales: inserted 5000 rows
2026-08-10 19:33:54,751 - INFO - sales: inserted 5000 rows
2026-08-10 19:33:55,315 - INFO - sales: inserted 5000 rows
2026-08-10 19:33:55,849 - INFO - sales: inserted 5000 rows
2026-08-10 19:33:56,606 - INFO - sales: inserted 5000 rows
2026-08-10 19:33:57,096 - INFO - sales: inserted 5000 rows
2026-08-10 19:33:57,558 - INFO - sales: inserted 5000 rows
2026-08-10 19:33:58,156 - INFO - sales: inserted 5000 rows
2026-08-10 19:33:58,656 - INFO - sales: inserted 5000 rows
2026-08-10 19:33:59,159 - INFO - sales: inserted 5000 rows
2026-08-10 19:33:59,582 - INFO - sales: inserted 5000 rows
2026-08-10 19:34:00,077 - INFO - sales: inserted 5000 rows
2026-08-10 19:34:00,557 - INFO - sales: inserted 5000 rows
2026-08-10 19:34:00,993 - INFO - sales: inserted 5000 rows
2026-08-10 19:34:01,364 - INFO - sales: inserted 5000 rows
2026-08-10 19:34:01,885 - INFO - sales: inserted 5000 rows
2026-08-10 19:34:02,348 - INFO - sales: inserted 5000 rows
2026-08-10 19:34:02,938 - INFO - sales: inserted 5000 rows
2026-08-10 19:34:03,509 - INFO - sales: inserted 5000 rows
2026-08-10 19:34:04,070 - INFO - sales: inserted 5000 rows
2026-08-10 19:34:04,552 - INFO - sales: inserted 5000 rows
2026-08-10 19:34:05,238 - INFO - sales: inserted 5000 rows
2026-08-10 19:34:05,781 - INFO - sales: inserted 5000 rows
2026-08-10 19:34:06,248 - INFO - sales: inserted 5000 rows
2026-08-10 19:34:06,724 - INFO - sales: inserted 5000 rows
2026-08-10 19:34:07,179 - INFO - sales: inserted 5000 rows
2026-08-10 19:34:07,648 - INFO - sales: inserted 5000 rows
2026-08-10 19:34:08,098 - INFO - sales: inserted 5000 rows
2026-08-10 19:34:08,553 - INFO - sales: inserted 5000 rows
2026-08-10 19:34:09,025 - INFO - sales: inserted 5000 rows
2026-08-10 19:34:09,465 - INFO - sales: inserted 5000 rows
2026-08-10 19:34:09,827 - INFO - sales: inserted 5000 rows
2026-08-10 19:34:10,243 - INFO - sales: inserted 5000 rows
2026-08-10 19:34:10,711 - INFO - sales: inserted 5000 rows
2026-08-10 19:34:11,239 - INFO - sales: inserted 5000 rows
2026-08-10 19:34:11,702 - INFO - sales: inserted 5000 rows
2026-08-10 19:34:12,366 - INFO - sales: inserted 5000 rows
2026-08-10 19:34:12,911 - INFO - sales: inserted 5000 rows
2026-08-10 19:34:13,415 - INFO - sales: inserted 5000 rows
2026-08-10 19:34:13,917 - INFO - sales: inserted 5000 rows
2026-08-10 19:34:14,465 - INFO - sales: inserted 5000 rows
2026-08-10 19:34:14,954 - INFO - sales: inserted 5000 rows
2026-08-10 19:34:15,462 - INFO - sales: inserted 5000 rows
2026-08-10 19:34:15,964 - INFO - sales: inserted 5000 rows
2026-08-10 19:34:16,501 - INFO - sales: inserted 5000 rows
2026-08-10 19:34:16,979 - INFO - sales: inserted 5000 rows
2026-08-10 19:34:17,438 - INFO - sales: inserted 5000 rows
2026-08-10 19:34:17,939 - INFO - sales: inserted 5000 rows
2026-08-10 19:34:18,298 - INFO - sales: inserted 5000 rows
2026-08-10 19:34:18,812 - INFO - sales: inserted 5000 rows
2026-08-10 19:34:19,304 - INFO - sales: inserted 5000 rows
2026-08-10 19:34:19,811 - INFO - sales: inserted 5000 rows
2026-08-10 19:34:20,403 - INFO - sales: inserted 5000 rows
2026-08-10 19:34:20,928 - INFO - sales: inserted 5000 rows
2026-08-10 19:34:21,429 - INFO - sales: inserted 5000 rows
2026-08-10 19:34:21,890 - INFO - sales: inserted 5000 rows
2026-08-10 19:34:22,309 - INFO - sales: inserted 5000 rows
2026-08-10 19:34:22,686 - INFO - sales: inserted 5000 rows
2026-08-10 19:34:23,083 - INFO - sales: inserted 5000 rows
2026-08-10 19:34:23,536 - INFO - sales: inserted 5000 rows
2026-08-10 19:34:24,019 - INFO - sales: inserted 5000 rows
2026-08-10 19:34:24,468 - INFO - sales: inserted 5000 rows
2026-08-10 19:34:25,017 - INFO - sales: inserted 5000 rows
2026-08-10 19:34:25,514 - INFO - sales: inserted 5000 rows
2026-08-10 19:34:26,063 - INFO - sales: inserted 5000 rows
2026-08-10 19:34:26,641 - INFO - sales: inserted 5000 rows
2026-08-10 19:34:27,116 - INFO - sales: inserted 5000 rows
2026-08-10 19:34:27,591 - INFO - sales: inserted 5000 rows
2026-08-10 19:34:28,128 - INFO - sales: inserted 5000 rows
2026-08-10 19:34:28,883 - INFO - sales: inserted 5000 rows
2026-08-10 19:34:29,350 - INFO - sales: inserted 5000 rows
2026-08-10 19:34:29,923 - INFO - sales: inserted 5000 rows
2026-08-10 19:34:30,438 - INFO - sales: inserted 5000 rows
2026-08-10 19:34:30,941 - INFO - sales: inserted 5000 rows
2026-08-10 19:34:31,496 - INFO - sales: inserted 5000 rows
2026-08-10 19:34:32,062 - INFO - sales: inserted 5000 rows
2026-08-10 19:34:32,533 - INFO - sales: inserted 5000 rows
2026-08-10 19:34:33,296 - INFO - sales: inserted 5000 rows
2026-08-10 19:34:33,763 - INFO - sales: inserted 5000 rows
2026-08-10 19:34:34,269 - INFO - sales: inserted 5000 rows
2026-08-10 19:34:34,778 - INFO - sales: inserted 5000 rows
2026-08-10 19:34:35,260 - INFO - sales: inserted 5000 rows
2026-08-10 19:34:35,657 - INFO - sales: inserted 5000 rows
2026-08-10 19:34:36,125 - INFO - sales: inserted 5000 rows
2026-08-10 19:34:36,572 - INFO - sales: inserted 5000 rows
2026-08-10 19:34:36,989 - INFO - sales: inserted 5000 rows
2026-08-10 19:34:37,757 - INFO - sales: inserted 5000 rows
2026-08-10 19:34:38,235 - INFO - sales: inserted 5000 rows
2026-08-10 19:34:38,568 - INFO - sales: inserted 5000 rows
2026-08-10 19:34:39,089 - INFO - sales: inserted 5000 rows
2026-08-10 19:34:39,571 - INFO - sales: inserted 5000 rows
2026-08-10 19:34:40,116 - INFO - sales: inserted 5000 rows
2026-08-10 19:34:40,476 - INFO - sales: inserted 5000 rows
2026-08-10 19:34:40,866 - INFO - sales: inserted 5000 rows
2026-08-10 19:34:41,355 - INFO - sales: inserted 5000 rows
2026-08-10 19:34:41,822 - INFO - sales: inserted 5000 rows
2026-08-10 19:34:42,294 - INFO - sales: inserted 5000 rows
2026-08-10 19:34:42,734 - INFO - sales: inserted 5000 rows
2026-08-10 19:34:43,250 - INFO - sales: inserted 5000 rows
2026-08-10 19:34:43,791 - INFO - sales: inserted 5000 rows
2026-08-10 19:34:44,337 - INFO - sales: inserted 5000 rows
2026-08-10 19:34:44,750 - INFO - sales: inserted 5000 rows
2026-08-10 19:34:45,355 - INFO - sales: inserted 5000 rows
2026-08-10 19:34:45,851 - INFO - sales: inserted 5000 rows
2026-08-10 19:34:46,336 - INFO - sales: inserted 5000 rows
2026-08-10 19:34:46,755 - INFO - sales: inserted 5000 rows
2026-08-10 19:34:47,225 - INFO - sales: inserted 5000 rows
2026-08-10 19:34:47,613 - INFO - sales: inserted 5000 rows
2026-08-10 19:34:48,116 - INFO - sales: inserted 5000 rows
2026-08-10 19:34:48,648 - INFO - sales: inserted 5000 rows
2026-08-10 19:34:48,986 - INFO - sales: inserted 5000 rows
2026-08-10 19:34:49,444 - INFO - sales: inserted 5000 rows
2026-08-10 19:34:49,843 - INFO - sales: inserted 5000 rows
2026-08-10 19:34:50,391 - INFO - sales: inserted 5000 rows
2026-08-10 19:34:50,824 - INFO - sales: inserted 5000 rows
2026-08-10 19:34:51,392 - INFO - sales: inserted 5000 rows
2026-08-10 19:34:51,879 - INFO - sales: inserted 5000 rows
2026-08-10 19:34:52,356 - INFO - sales: inserted 5000 rows
2026-08-10 19:34:52,804 - INFO - sales: inserted 5000 rows
2026-08-10 19:34:53,330 - INFO - sales: inserted 5000 rows
2026-08-10 19:34:53,783 - INFO - sales: inserted 5000 rows
2026-08-10 19:34:54,309 - INFO - sales: inserted 5000 rows
2026-08-10 19:34:54,721 - INFO - sales: inserted 5000 rows
2026-08-10 19:34:55,256 - INFO - sales: inserted 5000 rows
2026-08-10 19:34:55,653 - INFO - sales: inserted 5000 rows
2026-08-10 19:34:56,192 - INFO - sales: inserted 5000 rows
2026-08-10 19:34:56,589 - INFO - sales: inserted 5000 rows
2026-08-10 19:34:57,102 - INFO - sales: inserted 5000 rows
2026-08-10 19:34:57,528 - INFO - sales: inserted 5000 rows
2026-08-10 19:34:57,996 - INFO - sales: inserted 5000 rows
2026-08-10 19:34:58,477 - INFO - sales: inserted 5000 rows
2026-08-10 19:34:59,017 - INFO - sales: inserted 5000 rows
2026-08-10 19:34:59,410 - INFO - sales: inserted 5000 rows
2026-08-10 19:34:59,899 - INFO - sales: inserted 5000 rows
2026-08-10 19:35:00,416 - INFO - sales: inserted 5000 rows
2026-08-10 19:35:00,840 - INFO - sales: inserted 5000 rows
2026-08-10 19:35:01,411 - INFO - sales: inserted 5000 rows
2026-08-10 19:35:01,881 - INFO - sales: inserted 5000 rows
2026-08-10 19:35:02,355 - INFO - sales: inserted 5000 rows
2026-08-10 19:35:02,962 - INFO - sales: inserted 5000 rows
2026-08-10 19:35:03,418 - INFO - sales: inserted 5000 rows
2026-08-10 19:35:03,938 - INFO - sales: inserted 5000 rows
2026-08-10 19:35:04,406 - INFO - sales: inserted 5000 rows
2026-08-10 19:35:04,820 - INFO - sales: inserted 5000 rows
2026-08-10 19:35:05,291 - INFO - sales: inserted 5000 rows
2026-08-10 19:35:05,846 - INFO - sales: inserted 5000 rows
2026-08-10 19:35:06,509 - INFO - sales: inserted 5000 rows
2026-08-10 19:35:07,021 - INFO - sales: inserted 5000 rows
2026-08-10 19:35:07,480 - INFO - sales: inserted 5000 rows
2026-08-10 19:35:07,880 - INFO - sales: inserted 5000 rows
2026-08-10 19:35:08,393 - INFO - sales: inserted 5000 rows
2026-08-10 19:35:08,806 - INFO - sales: inserted 5000 rows
2026-08-10 19:35:09,195 - INFO - sales: inserted 5000 rows
2026-08-10 19:35:09,707 - INFO - sales: inserted 5000 rows
2026-08-10 19:35:10,277 - INFO - sales: inserted 5000 rows
2026-08-10 19:35:10,667 - INFO - sales: inserted 5000 rows
2026-08-10 19:35:11,115 - INFO - sales: inserted 5000 rows
2026-08-10 19:35:11,525 - INFO - sales: inserted 5000 rows
2026-08-10 19:35:11,868 - INFO - sales: inserted 5000 rows
2026-08-10 19:35:12,423 - INFO - sales: inserted 5000 rows
2026-08-10 19:35:12,831 - INFO - sales: inserted 5000 rows
2026-08-10 19:35:13,588 - INFO - sales: inserted 5000 rows
2026-08-10 19:35:14,066 - INFO - sales: inserted 5000 rows
2026-08-10 19:35:14,504 - INFO - sales: inserted 5000 rows
2026-08-10 19:35:15,024 - INFO - sales: inserted 5000 rows
2026-08-10 19:35:15,540 - INFO - sales: inserted 5000 rows
2026-08-10 19:35:15,925 - INFO - sales: inserted 5000 rows
2026-08-10 19:35:16,428 - INFO - sales: inserted 5000 rows
2026-08-10 19:35:16,852 - INFO - sales: inserted 5000 rows
2026-08-10 19:35:17,337 - INFO - sales: inserted 5000 rows
2026-08-10 19:35:17,843 - INFO - sales: inserted 5000 rows
2026-08-10 19:35:18,361 - INFO - sales: inserted 5000 rows
2026-08-10 19:35:18,922 - INFO - sales: inserted 5000 rows
2026-08-10 19:35:19,320 - INFO - sales: inserted 5000 rows
2026-08-10 19:35:19,733 - INFO - sales: inserted 5000 rows
2026-08-10 19:35:20,433 - INFO - sales: inserted 5000 rows
2026-08-10 19:35:20,965 - INFO - sales: inserted 5000 rows
2026-08-10 19:35:21,314 - INFO - sales: inserted 5000 rows
2026-08-10 19:35:21,731 - INFO - sales: inserted 5000 rows
2026-08-10 19:35:22,088 - INFO - sales: inserted 5000 rows
2026-08-10 19:35:22,556 - INFO - sales: inserted 5000 rows
2026-08-10 19:35:22,957 - INFO - sales: inserted 5000 rows
2026-08-10 19:35:23,424 - INFO - sales: inserted 5000 rows
2026-08-10 19:35:23,927 - INFO - sales: inserted 5000 rows
2026-08-10 19:35:24,449 - INFO - sales: inserted 5000 rows
2026-08-10 19:35:24,921 - INFO - sales: inserted 5000 rows
2026-08-10 19:35:25,415 - INFO - sales: inserted 5000 rows
2026-08-10 19:35:25,796 - INFO - sales: inserted 5000 rows
2026-08-10 19:35:26,185 - INFO - sales: inserted 5000 rows
2026-08-10 19:35:26,583 - INFO - sales: inserted 5000 rows
2026-08-10 19:35:27,152 - INFO - sales: inserted 5000 rows
2026-08-10 19:35:27,644 - INFO - sales: inserted 5000 rows
2026-08-10 19:35:28,168 - INFO - sales: inserted 5000 rows
2026-08-10 19:35:28,518 - INFO - sales: inserted 5000 rows
2026-08-10 19:35:29,004 - INFO - sales: inserted 5000 rows
2026-08-10 19:35:29,480 - INFO - sales: inserted 5000 rows
2026-08-10 19:35:29,829 - INFO - sales: inserted 5000 rows
2026-08-10 19:35:30,194 - INFO - sales: inserted 5000 rows
2026-08-10 19:35:30,570 - INFO - sales: inserted 5000 rows
2026-08-10 19:35:30,963 - INFO - sales: inserted 5000 rows
2026-08-10 19:35:31,505 - INFO - sales: inserted 5000 rows
2026-08-10 19:35:32,013 - INFO - sales: inserted 5000 rows
2026-08-10 19:35:32,545 - INFO - sales: inserted 5000 rows
2026-08-10 19:35:33,103 - INFO - sales: inserted 5000 rows
2026-08-10 19:35:33,605 - INFO - sales: inserted 5000 rows
2026-08-10 19:35:34,389 - INFO - sales: inserted 5000 rows
2026-08-10 19:35:34,981 - INFO - sales: inserted 5000 rows
2026-08-10 19:35:35,522 - INFO - sales: inserted 5000 rows
2026-08-10 19:35:36,021 - INFO - sales: inserted 5000 rows
2026-08-10 19:35:36,486 - INFO - sales: inserted 5000 rows
2026-08-10 19:35:36,893 - INFO - sales: inserted 5000 rows
2026-08-10 19:35:37,428 - INFO - sales: inserted 5000 rows
2026-08-10 19:35:37,882 - INFO - sales: inserted 5000 rows
2026-08-10 19:35:38,421 - INFO - sales: inserted 5000 rows
2026-08-10 19:35:38,774 - INFO - sales: inserted 5000 rows
2026-08-10 19:35:39,237 - INFO - sales: inserted 5000 rows
2026-08-10 19:35:39,708 - INFO - sales: inserted 5000 rows
2026-08-10 19:35:40,210 - INFO - sales: inserted 5000 rows
2026-08-10 19:35:40,732 - INFO - sales: inserted 5000 rows
2026-08-10 19:35:41,179 - INFO - sales: inserted 5000 rows
2026-08-10 19:35:41,826 - INFO - sales: inserted 5000 rows
2026-08-10 19:35:42,242 - INFO - sales: inserted 5000 rows
2026-08-10 19:35:42,774 - INFO - sales: inserted 5000 rows
2026-08-10 19:35:43,317 - INFO - sales: inserted 5000 rows
2026-08-10 19:35:43,851 - INFO - sales: inserted 5000 rows
2026-08-10 19:35:44,356 - INFO - sales: inserted 5000 rows
2026-08-10 19:35:44,878 - INFO - sales: inserted 5000 rows
2026-08-10 19:35:45,309 - INFO - sales: inserted 5000 rows
2026-08-10 19:35:45,794 - INFO - sales: inserted 5000 rows
2026-08-10 19:35:46,369 - INFO - sales: inserted 5000 rows
2026-08-10 19:35:46,913 - INFO - sales: inserted 5000 rows
2026-08-10 19:35:47,310 - INFO - sales: inserted 5000 rows
2026-08-10 19:35:47,812 - INFO - sales: inserted 5000 rows
2026-08-10 19:35:48,318 - INFO - sales: inserted 5000 rows
2026-08-10 19:35:48,823 - INFO - sales: inserted 5000 rows
2026-08-10 19:35:49,312 - INFO - sales: inserted 5000 rows
2026-08-10 19:35:50,006 - INFO - sales: inserted 5000 rows
2026-08-10 19:35:50,530 - INFO - sales: inserted 5000 rows
2026-08-10 19:35:50,926 - INFO - sales: inserted 5000 rows
2026-08-10 19:35:51,494 - INFO - sales: inserted 5000 rows
2026-08-10 19:35:52,008 - INFO - sales: inserted 5000 rows
2026-08-10 19:35:52,416 - INFO - sales: inserted 5000 rows
2026-08-10 19:35:52,838 - INFO - sales: inserted 5000 rows
2026-08-10 19:35:53,404 - INFO - sales: inserted 5000 rows
2026-08-10 19:35:53,805 - INFO - sales: inserted 5000 rows
2026-08-10 19:35:54,201 - INFO - sales: inserted 5000 rows
2026-08-10 19:35:54,764 - INFO - sales: inserted 5000 rows
2026-08-10 19:35:55,135 - INFO - sales: inserted 5000 rows
2026-08-10 19:35:55,593 - INFO - sales: inserted 5000 rows
2026-08-10 19:35:56,149 - INFO - sales: inserted 5000 rows
2026-08-10 19:35:56,661 - INFO - sales: inserted 5000 rows
2026-08-10 19:35:57,079 - INFO - sales: inserted 5000 rows
2026-08-10 19:35:57,543 - INFO - sales: inserted 5000 rows
2026-08-10 19:35:58,136 - INFO - sales: inserted 5000 rows
2026-08-10 19:35:58,635 - INFO - sales: inserted 5000 rows
2026-08-10 19:35:59,117 - INFO - sales: inserted 5000 rows
2026-08-10 19:35:59,660 - INFO - sales: inserted 5000 rows
2026-08-10 19:36:00,238 - INFO - sales: inserted 5000 rows
2026-08-10 19:36:00,702 - INFO - sales: inserted 5000 rows
2026-08-10 19:36:01,094 - INFO - sales: inserted 5000 rows
2026-08-10 19:36:01,627 - INFO - sales: inserted 5000 rows
2026-08-10 19:36:02,080 - INFO - sales: inserted 5000 rows
2026-08-10 19:36:02,683 - INFO - sales: inserted 5000 rows
2026-08-10 19:36:03,124 - INFO - sales: inserted 5000 rows
2026-08-10 19:36:03,661 - INFO - sales: inserted 5000 rows
2026-08-10 19:36:04,128 - INFO - sales: inserted 5000 rows
2026-08-10 19:36:04,642 - INFO - sales: inserted 5000 rows
2026-08-10 19:36:04,999 - INFO - sales: inserted 5000 rows
2026-08-10 19:36:05,664 - INFO - sales: inserted 5000 rows
2026-08-10 19:36:06,028 - INFO - sales: inserted 5000 rows
2026-08-10 19:36:06,392 - INFO - sales: inserted 5000 rows
2026-08-10 19:36:06,898 - INFO - sales: inserted 5000 rows
2026-08-10 19:36:07,288 - INFO - sales: inserted 5000 rows
2026-08-10 19:36:07,768 - INFO - sales: inserted 5000 rows
2026-08-10 19:36:08,275 - INFO - sales: inserted 5000 rows
2026-08-10 19:36:08,803 - INFO - sales: inserted 5000 rows
2026-08-10 19:36:09,120 - INFO - sales: inserted 5000 rows
2026-08-10 19:36:09,688 - INFO - sales: inserted 5000 rows
2026-08-10 19:36:10,087 - INFO - sales: inserted 5000 rows
2026-08-10 19:36:10,635 - INFO - sales: inserted 5000 rows
2026-08-10 19:36:11,137 - INFO - sales: inserted 5000 rows
2026-08-10 19:36:11,539 - INFO - sales: inserted 5000 rows
2026-08-10 19:36:11,944 - INFO - sales: inserted 5000 rows
2026-08-10 19:36:12,414 - INFO - sales: inserted 5000 rows
2026-08-10 19:36:13,101 - INFO - sales: inserted 5000 rows
2026-08-10 19:36:13,501 - INFO - sales: inserted 5000 rows
2026-08-10 19:36:13,892 - INFO - sales: inserted 5000 rows
2026-08-10 19:36:14,292 - INFO - sales: inserted 5000 rows
2026-08-10 19:36:14,758 - INFO - sales: inserted 5000 rows
2026-08-10 19:36:15,247 - INFO - sales: inserted 5000 rows
2026-08-10 19:36:15,830 - INFO - sales: inserted 5000 rows
2026-08-10 19:36:16,246 - INFO - sales: inserted 5000 rows
2026-08-10 19:36:16,806 - INFO - sales: inserted 5000 rows
2026-08-10 19:36:17,189 - INFO - sales: inserted 5000 rows
2026-08-10 19:36:17,716 - INFO - sales: inserted 5000 rows
2026-08-10 19:36:18,140 - INFO - sales: inserted 5000 rows
2026-08-10 19:36:18,526 - INFO - sales: inserted 5000 rows
2026-08-10 19:36:19,023 - INFO - sales: inserted 5000 rows
2026-08-10 19:36:19,472 - INFO - sales: inserted 5000 rows
2026-08-10 19:36:20,036 - INFO - sales: inserted 5000 rows
2026-08-10 19:36:20,544 - INFO - sales: inserted 5000 rows
2026-08-10 19:36:22,804 - INFO - sales: inserted 5000 rows
2026-08-10 19:36:23,825 - INFO - sales: inserted 5000 rows
2026-08-10 19:36:24,839 - INFO - sales: inserted 5000 rows
2026-08-10 19:36:25,704 - INFO - sales: inserted 5000 rows
2026-08-10 19:36:26,616 - INFO - sales: inserted 5000 rows
2026-08-10 19:36:27,425 - INFO - sales: inserted 5000 rows
2026-08-10 19:36:28,382 - INFO - sales: inserted 5000 rows
2026-08-10 19:36:29,256 - INFO - sales: inserted 5000 rows
2026-08-10 19:36:30,114 - INFO - sales: inserted 5000 rows
2026-08-10 19:36:30,940 - INFO - sales: inserted 5000 rows
2026-08-10 19:36:31,845 - INFO - sales: inserted 5000 rows
2026-08-10 19:36:32,681 - INFO - sales: inserted 5000 rows
2026-08-10 19:36:33,555 - INFO - sales: inserted 5000 rows
2026-08-10 19:36:35,118 - INFO - sales: inserted 5000 rows
2026-08-10 19:36:36,351 - INFO - sales: inserted 5000 rows
2026-08-10 19:36:37,316 - INFO - sales: inserted 5000 rows
2026-08-10 19:36:38,280 - INFO - sales: inserted 5000 rows
2026-08-10 19:36:39,534 - INFO - sales: inserted 5000 rows
2026-08-10 19:36:40,472 - INFO - sales: inserted 5000 rows
2026-08-10 19:36:41,372 - INFO - sales: inserted 5000 rows
2026-08-10 19:36:42,301 - INFO - sales: inserted 5000 rows
2026-08-10 19:36:43,342 - INFO - sales: inserted 5000 rows
2026-08-10 19:36:44,249 - INFO - sales: inserted 5000 rows
2026-08-10 19:36:45,193 - INFO - sales: inserted 5000 rows
2026-08-10 19:36:46,166 - INFO - sales: inserted 5000 rows
2026-08-10 19:36:47,067 - INFO - sales: inserted 5000 rows
2026-08-10 19:36:47,973 - INFO - sales: inserted 5000 rows
2026-08-10 19:36:48,850 - INFO - sales: inserted 5000 rows
2026-08-10 19:36:49,714 - INFO - sales: inserted 5000 rows
2026-08-10 19:36:50,606 - INFO - sales: inserted 5000 rows
2026-08-10 19:36:51,435 - INFO - sales: inserted 5000 rows
2026-08-10 19:36:52,266 - INFO - sales: inserted 5000 rows
2026-08-10 19:36:53,189 - INFO - sales: inserted 5000 rows
2026-08-10 19:36:54,188 - INFO - sales: inserted 5000 rows
2026-08-10 19:36:55,601 - INFO - sales: inserted 5000 rows
2026-08-10 19:36:56,544 - INFO - sales: inserted 5000 rows
2026-08-10 19:36:57,463 - INFO - sales: inserted 5000 rows
2026-08-10 19:36:58,342 - INFO - sales: inserted 5000 rows
2026-08-10 19:36:59,305 - INFO - sales: inserted 5000 rows
2026-08-10 19:37:00,240 - INFO - sales: inserted 5000 rows
2026-08-10 19:37:01,228 - INFO - sales: inserted 5000 rows
2026-08-10 19:37:02,202 - INFO - sales: inserted 5000 rows
2026-08-10 19:37:03,127 - INFO - sales: inserted 5000 rows
2026-08-10 19:37:04,077 - INFO - sales: inserted 5000 rows
2026-08-10 19:37:04,918 - INFO - sales: inserted 5000 rows
2026-08-10 19:37:05,844 - INFO - sales: inserted 5000 rows
2026-08-10 19:37:06,702 - INFO - sales: inserted 5000 rows
2026-08-10 19:37:07,536 - INFO - sales: inserted 5000 rows
2026-08-10 19:37:08,671 - INFO - sales: inserted 5000 rows
2026-08-10 19:37:09,508 - INFO - sales: inserted 5000 rows
2026-08-10 19:37:10,378 - INFO - sales: inserted 5000 rows
2026-08-10 19:37:11,221 - INFO - sales: inserted 5000 rows
2026-08-10 19:37:12,051 - INFO - sales: inserted 5000 rows
2026-08-10 19:37:12,895 - INFO - sales: inserted 5000 rows
2026-08-10 19:37:13,740 - INFO - sales: inserted 5000 rows
2026-08-10 19:37:14,673 - INFO - sales: inserted 5000 rows
2026-08-10 19:37:15,567 - INFO - sales: inserted 5000 rows
2026-08-10 19:37:16,397 - INFO - sales: inserted 5000 rows
2026-08-10 19:37:17,284 - INFO - sales: inserted 5000 rows
2026-08-10 19:37:18,085 - INFO - sales: inserted 5000 rows
2026-08-10 19:37:18,968 - INFO - sales: inserted 5000 rows
2026-08-10 19:37:19,763 - INFO - sales: inserted 5000 rows
2026-08-10 19:37:20,948 - INFO - sales: inserted 5000 rows
2026-08-10 19:37:21,805 - INFO - sales: inserted 5000 rows
2026-08-10 19:37:22,663 - INFO - sales: inserted 5000 rows
2026-08-10 19:37:23,500 - INFO - sales: inserted 5000 rows
2026-08-10 19:37:24,257 - INFO - sales: inserted 5000 rows
2026-08-10 19:37:25,097 - INFO - sales: inserted 5000 rows
2026-08-10 19:37:25,953 - INFO - sales: inserted 5000 rows
2026-08-10 19:37:26,787 - INFO - sales: inserted 5000 rows
2026-08-10 19:37:27,606 - INFO - sales: inserted 5000 rows
2026-08-10 19:37:28,434 - INFO - sales: inserted 5000 rows
2026-08-10 19:37:29,218 - INFO - sales: inserted 5000 rows
2026-08-10 19:37:30,090 - INFO - sales: inserted 5000 rows
2026-08-10 19:37:30,892 - INFO - sales: inserted 5000 rows
2026-08-10 19:37:32,026 - INFO - sales: inserted 5000 rows
2026-08-10 19:37:32,831 - INFO - sales: inserted 5000 rows
2026-08-10 19:37:33,656 - INFO - sales: inserted 5000 rows
2026-08-10 19:37:34,498 - INFO - sales: inserted 5000 rows
2026-08-10 19:37:35,359 - INFO - sales: inserted 5000 rows
2026-08-10 19:37:36,156 - INFO - sales: inserted 5000 rows
2026-08-10 19:37:37,037 - INFO - sales: inserted 5000 rows
2026-08-10 19:37:37,882 - INFO - sales: inserted 5000 rows
2026-08-10 19:37:38,741 - INFO - sales: inserted 5000 rows
2026-08-10 19:37:39,581 - INFO - sales: inserted 5000 rows
2026-08-10 19:37:40,425 - INFO - sales: inserted 5000 rows
2026-08-10 19:37:41,266 - INFO - sales: inserted 5000 rows
2026-08-10 19:37:42,128 - INFO - sales: inserted 5000 rows
2026-08-10 19:37:43,627 - INFO - sales: inserted 5000 rows
2026-08-10 19:37:44,610 - INFO - sales: inserted 5000 rows
2026-08-10 19:37:44,972 - INFO - sales: inserted 5000 rows
2026-08-10 19:37:45,750 - INFO - sales: inserted 5000 rows
2026-08-10 19:37:46,285 - INFO - sales: inserted 5000 rows
2026-08-10 19:37:46,857 - INFO - sales: inserted 5000 rows
2026-08-10 19:37:47,255 - INFO - sales: inserted 5000 rows
2026-08-10 19:37:47,766 - INFO - sales: inserted 5000 rows
2026-08-10 19:37:48,273 - INFO - sales: inserted 5000 rows
2026-08-10 19:37:48,795 - INFO - sales: inserted 5000 rows
2026-08-10 19:37:49,452 - INFO - sales: inserted 5000 rows
2026-08-10 19:37:49,882 - INFO - sales: inserted 5000 rows
2026-08-10 19:37:50,465 - INFO - sales: inserted 5000 rows
2026-08-10 19:37:50,868 - INFO - sales: inserted 5000 rows
2026-08-10 19:37:51,331 - INFO - sales: inserted 5000 rows
2026-08-10 19:37:51,919 - INFO - sales: inserted 5000 rows
2026-08-10 19:37:52,461 - INFO - sales: inserted 5000 rows
2026-08-10 19:37:53,223 - INFO - sales: inserted 5000 rows
2026-08-10 19:37:53,588 - INFO - sales: inserted 5000 rows
2026-08-10 19:37:54,186 - INFO - sales: inserted 5000 rows
2026-08-10 19:37:54,705 - INFO - sales: inserted 5000 rows
2026-08-10 19:37:55,256 - INFO - sales: inserted 5000 rows
2026-08-10 19:37:55,651 - INFO - sales: inserted 5000 rows
2026-08-10 19:37:56,160 - INFO - sales: inserted 5000 rows
2026-08-10 19:37:56,699 - INFO - sales: inserted 5000 rows
2026-08-10 19:37:57,233 - INFO - sales: inserted 5000 rows
2026-08-10 19:37:57,762 - INFO - sales: inserted 5000 rows
2026-08-10 19:37:58,266 - INFO - sales: inserted 5000 rows
2026-08-10 19:37:58,793 - INFO - sales: inserted 5000 rows
2026-08-10 19:37:59,322 - INFO - sales: inserted 5000 rows
2026-08-10 19:37:59,731 - INFO - sales: inserted 5000 rows
2026-08-10 19:38:00,225 - INFO - sales: inserted 5000 rows
2026-08-10 19:38:00,797 - INFO - sales: inserted 5000 rows
2026-08-10 19:38:01,534 - INFO - sales: inserted 5000 rows
2026-08-10 19:38:02,054 - INFO - sales: inserted 5000 rows
2026-08-10 19:38:02,494 - INFO - sales: inserted 5000 rows
2026-08-10 19:38:03,009 - INFO - sales: inserted 5000 rows
2026-08-10 19:38:03,529 - INFO - sales: inserted 5000 rows
2026-08-10 19:38:03,974 - INFO - sales: inserted 5000 rows
2026-08-10 19:38:04,538 - INFO - sales: inserted 5000 rows
2026-08-10 19:38:05,101 - INFO - sales: inserted 5000 rows
2026-08-10 19:38:05,585 - INFO - sales: inserted 5000 rows
2026-08-10 19:38:06,164 - INFO - sales: inserted 5000 rows
2026-08-10 19:38:06,529 - INFO - sales: inserted 5000 rows
2026-08-10 19:38:06,956 - INFO - sales: inserted 5000 rows
2026-08-10 19:38:07,484 - INFO - sales: inserted 5000 rows
2026-08-10 19:38:08,005 - INFO - sales: inserted 5000 rows
2026-08-10 19:38:08,673 - INFO - sales: inserted 5000 rows
2026-08-10 19:38:09,115 - INFO - sales: inserted 5000 rows
2026-08-10 19:38:09,595 - INFO - sales: inserted 5000 rows
2026-08-10 19:38:10,009 - INFO - sales: inserted 5000 rows
2026-08-10 19:38:10,587 - INFO - sales: inserted 5000 rows
2026-08-10 19:38:11,052 - INFO - sales: inserted 5000 rows
2026-08-10 19:38:11,501 - INFO - sales: inserted 5000 rows
2026-08-10 19:38:11,904 - INFO - sales: inserted 5000 rows
2026-08-10 19:38:12,409 - INFO - sales: inserted 5000 rows
2026-08-10 19:38:12,769 - INFO - sales: inserted 5000 rows
2026-08-10 19:38:13,324 - INFO - sales: inserted 5000 rows
2026-08-10 19:38:13,826 - INFO - sales: inserted 5000 rows
2026-08-10 19:38:14,375 - INFO - sales: inserted 5000 rows
2026-08-10 19:38:14,774 - INFO - sales: inserted 5000 rows
2026-08-10 19:38:15,348 - INFO - sales: inserted 5000 rows
2026-08-10 19:38:15,764 - INFO - sales: inserted 5000 rows
2026-08-10 19:38:16,525 - INFO - sales: inserted 5000 rows
2026-08-10 19:38:17,077 - INFO - sales: inserted 5000 rows
2026-08-10 19:38:17,563 - INFO - sales: inserted 5000 rows
2026-08-10 19:38:17,971 - INFO - sales: inserted 5000 rows
2026-08-10 19:38:18,501 - INFO - sales: inserted 5000 rows
2026-08-10 19:38:18,930 - INFO - sales: inserted 5000 rows
2026-08-10 19:38:19,472 - INFO - sales: inserted 5000 rows
2026-08-10 19:38:19,915 - INFO - sales: inserted 5000 rows
2026-08-10 19:38:20,483 - INFO - sales: inserted 5000 rows
2026-08-10 19:38:21,006 - INFO - sales: inserted 5000 rows
2026-08-10 19:38:21,563 - INFO - sales: inserted 5000 rows
2026-08-10 19:38:21,981 - INFO - sales: inserted 5000 rows
2026-08-10 19:38:22,517 - INFO - sales: inserted 5000 rows
2026-08-10 19:38:22,985 - INFO - sales: inserted 5000 rows
2026-08-10 19:38:23,606 - INFO - sales: inserted 5000 rows
2026-08-10 19:38:23,983 - INFO - sales: inserted 5000 rows
2026-08-10 19:38:24,561 - INFO - sales: inserted 5000 rows
2026-08-10 19:38:24,997 - INFO - sales: inserted 5000 rows
2026-08-10 19:38:25,560 - INFO - sales: inserted 5000 rows
2026-08-10 19:38:26,083 - INFO - sales: inserted 5000 rows
2026-08-10 19:38:26,556 - INFO - sales: inserted 5000 rows
2026-08-10 19:38:27,024 - INFO - sales: inserted 5000 rows
2026-08-10 19:38:27,552 - INFO - sales: inserted 5000 rows
2026-08-10 19:38:27,931 - INFO - sales: inserted 5000 rows
2026-08-10 19:38:28,468 - INFO - sales: inserted 5000 rows
2026-08-10 19:38:29,023 - INFO - sales: inserted 5000 rows
2026-08-10 19:38:29,552 - INFO - sales: inserted 5000 rows
2026-08-10 19:38:30,048 - INFO - sales: inserted 5000 rows
2026-08-10 19:38:30,645 - INFO - sales: inserted 5000 rows
2026-08-10 19:38:31,437 - INFO - sales: inserted 5000 rows
2026-08-10 19:38:31,971 - INFO - sales: inserted 5000 rows
2026-08-10 19:38:32,543 - INFO - sales: inserted 5000 rows
2026-08-10 19:38:32,979 - INFO - sales: inserted 5000 rows
2026-08-10 19:38:33,485 - INFO - sales: inserted 5000 rows
2026-08-10 19:38:33,913 - INFO - sales: inserted 5000 rows
2026-08-10 19:38:34,341 - INFO - sales: inserted 5000 rows
2026-08-10 19:38:34,887 - INFO - sales: inserted 5000 rows
2026-08-10 19:38:35,333 - INFO - sales: inserted 5000 rows
2026-08-10 19:38:35,780 - INFO - sales: inserted 5000 rows
2026-08-10 19:38:36,216 - INFO - sales: inserted 5000 rows
2026-08-10 19:38:36,723 - INFO - sales: inserted 5000 rows
2026-08-10 19:38:37,172 - INFO - sales: inserted 5000 rows
2026-08-10 19:38:37,678 - INFO - sales: inserted 5000 rows
2026-08-10 19:38:38,234 - INFO - sales: inserted 5000 rows
2026-08-10 19:38:38,784 - INFO - sales: inserted 5000 rows
2026-08-10 19:38:39,559 - INFO - sales: inserted 5000 rows
2026-08-10 19:38:40,006 - INFO - sales: inserted 5000 rows
2026-08-10 19:38:40,561 - INFO - sales: inserted 5000 rows
2026-08-10 19:38:41,124 - INFO - sales: inserted 5000 rows
2026-08-10 19:38:41,585 - INFO - sales: inserted 5000 rows
2026-08-10 19:38:42,069 - INFO - sales: inserted 5000 rows
2026-08-10 19:38:42,594 - INFO - sales: inserted 5000 rows
2026-08-10 19:38:43,011 - INFO - sales: inserted 5000 rows
2026-08-10 19:38:43,568 - INFO - sales: inserted 5000 rows
2026-08-10 19:38:44,113 - INFO - sales: inserted 5000 rows
2026-08-10 19:38:44,496 - INFO - sales: inserted 5000 rows
2026-08-10 19:38:45,051 - INFO - sales: inserted 5000 rows
2026-08-10 19:38:45,587 - INFO - sales: inserted 5000 rows
2026-08-10 19:38:46,072 - INFO - sales: inserted 5000 rows
2026-08-10 19:38:46,625 - INFO - sales: inserted 5000 rows
2026-08-10 19:38:47,055 - INFO - sales: inserted 5000 rows
2026-08-10 19:38:47,579 - INFO - sales: inserted 5000 rows
2026-08-10 19:38:48,311 - INFO - sales: inserted 5000 rows
2026-08-10 19:38:48,812 - INFO - sales: inserted 5000 rows
2026-08-10 19:38:49,380 - INFO - sales: inserted 5000 rows
2026-08-10 19:38:49,815 - INFO - sales: inserted 5000 rows
2026-08-10 19:38:50,211 - INFO - sales: inserted 5000 rows
2026-08-10 19:38:50,717 - INFO - sales: inserted 5000 rows
2026-08-10 19:38:51,135 - INFO - sales: inserted 5000 rows
2026-08-10 19:38:51,683 - INFO - sales: inserted 5000 rows
2026-08-10 19:38:52,148 - INFO - sales: inserted 5000 rows
2026-08-10 19:38:52,668 - INFO - sales: inserted 5000 rows
2026-08-10 19:38:53,259 - INFO - sales: inserted 5000 rows
2026-08-10 19:38:53,778 - INFO - sales: inserted 5000 rows
2026-08-10 19:38:54,172 - INFO - sales: inserted 5000 rows
2026-08-10 19:38:54,696 - INFO - sales: inserted 5000 rows
2026-08-10 19:38:55,104 - INFO - sales: inserted 5000 rows
2026-08-10 19:38:56,105 - INFO - sales: inserted 5000 rows
2026-08-10 19:38:56,630 - INFO - sales: inserted 5000 rows
2026-08-10 19:38:57,190 - INFO - sales: inserted 5000 rows
2026-08-10 19:38:57,722 - INFO - sales: inserted 5000 rows
2026-08-10 19:38:58,150 - INFO - sales: inserted 5000 rows
2026-08-10 19:38:58,711 - INFO - sales: inserted 5000 rows
2026-08-10 19:38:59,154 - INFO - sales: inserted 5000 rows
2026-08-10 19:38:59,692 - INFO - sales: inserted 5000 rows
2026-08-10 19:39:00,186 - INFO - sales: inserted 5000 rows
2026-08-10 19:39:00,747 - INFO - sales: inserted 5000 rows
2026-08-10 19:39:01,396 - INFO - sales: inserted 5000 rows
2026-08-10 19:39:01,875 - INFO - sales: inserted 5000 rows
2026-08-10 19:39:02,274 - INFO - sales: inserted 5000 rows
2026-08-10 19:39:02,807 - INFO - sales: inserted 5000 rows
2026-08-10 19:39:03,303 - INFO - sales: inserted 5000 rows
2026-08-10 19:39:03,850 - INFO - sales: inserted 5000 rows
2026-08-10 19:39:04,623 - INFO - sales: inserted 5000 rows
2026-08-10 19:39:05,118 - INFO - sales: inserted 5000 rows
2026-08-10 19:39:05,696 - INFO - sales: inserted 5000 rows
2026-08-10 19:39:06,216 - INFO - sales: inserted 5000 rows
2026-08-10 19:39:06,738 - INFO - sales: inserted 5000 rows
2026-08-10 19:39:07,312 - INFO - sales: inserted 5000 rows
2026-08-10 19:39:07,883 - INFO - sales: inserted 5000 rows
2026-08-10 19:39:08,433 - INFO - sales: inserted 5000 rows
2026-08-10 19:39:08,905 - INFO - sales: inserted 5000 rows
2026-08-10 19:39:09,476 - INFO - sales: inserted 5000 rows
2026-08-10 19:39:09,984 - INFO - sales: inserted 5000 rows
2026-08-10 19:39:10,485 - INFO - sales: inserted 5000 rows
2026-08-10 19:39:11,039 - INFO - sales: inserted 5000 rows
2026-08-10 19:39:11,467 - INFO - sales: inserted 5000 rows
2026-08-10 19:39:11,966 - INFO - sales: inserted 5000 rows
2026-08-10 19:39:12,509 - INFO - sales: inserted 5000 rows
2026-08-10 19:39:13,013 - INFO - sales: inserted 5000 rows
2026-08-10 19:39:13,758 - INFO - sales: inserted 5000 rows
2026-08-10 19:39:14,262 - INFO - sales: inserted 5000 rows
2026-08-10 19:39:14,758 - INFO - sales: inserted 5000 rows
2026-08-10 19:39:15,241 - INFO - sales: inserted 5000 rows
2026-08-10 19:39:15,830 - INFO - sales: inserted 5000 rows
2026-08-10 19:39:16,370 - INFO - sales: inserted 5000 rows
2026-08-10 19:39:16,918 - INFO - sales: inserted 5000 rows
2026-08-10 19:39:17,389 - INFO - sales: inserted 5000 rows
2026-08-10 19:39:17,864 - INFO - sales: inserted 5000 rows
2026-08-10 19:39:18,397 - INFO - sales: inserted 5000 rows
2026-08-10 19:39:19,034 - INFO - sales: inserted 5000 rows
2026-08-10 19:39:19,535 - INFO - sales: inserted 5000 rows
2026-08-10 19:39:19,958 - INFO - sales: inserted 5000 rows
2026-08-10 19:39:20,374 - INFO - sales: inserted 5000 rows
2026-08-10 19:39:20,903 - INFO - sales: inserted 5000 rows
2026-08-10 19:39:21,312 - INFO - sales: inserted 5000 rows
2026-08-10 19:39:21,832 - INFO - sales: inserted 5000 rows
2026-08-10 19:39:22,234 - INFO - sales: inserted 5000 rows
2026-08-10 19:39:23,039 - INFO - sales: inserted 5000 rows
2026-08-10 19:39:23,460 - INFO - sales: inserted 5000 rows
2026-08-10 19:39:23,992 - INFO - sales: inserted 5000 rows
2026-08-10 19:39:24,403 - INFO - sales: inserted 5000 rows
2026-08-10 19:39:24,870 - INFO - sales: inserted 5000 rows
2026-08-10 19:39:25,422 - INFO - sales: inserted 5000 rows
2026-08-10 19:39:25,982 - INFO - sales: inserted 5000 rows
2026-08-10 19:39:26,442 - INFO - sales: inserted 5000 rows
2026-08-10 19:39:27,080 - INFO - sales: inserted 5000 rows
2026-08-10 19:39:27,445 - INFO - sales: inserted 5000 rows
2026-08-10 19:39:27,935 - INFO - sales: inserted 5000 rows
2026-08-10 19:39:28,342 - INFO - sales: inserted 5000 rows
2026-08-10 19:39:28,742 - INFO - sales: inserted 5000 rows
2026-08-10 19:39:29,180 - INFO - sales: inserted 5000 rows
2026-08-10 19:39:29,631 - INFO - sales: inserted 5000 rows
2026-08-10 19:39:30,186 - INFO - sales: inserted 5000 rows
2026-08-10 19:39:30,582 - INFO - sales: inserted 5000 rows
2026-08-10 19:39:31,115 - INFO - sales: inserted 5000 rows
2026-08-10 19:39:31,703 - INFO - sales: inserted 5000 rows
2026-08-10 19:39:32,134 - INFO - sales: inserted 5000 rows
2026-08-10 19:39:32,524 - INFO - sales: inserted 5000 rows
2026-08-10 19:39:33,045 - INFO - sales: inserted 5000 rows
2026-08-10 19:39:33,456 - INFO - sales: inserted 5000 rows
2026-08-10 19:39:34,028 - INFO - sales: inserted 5000 rows
2026-08-10 19:39:34,463 - INFO - sales: inserted 5000 rows
2026-08-10 19:39:34,918 - INFO - sales: inserted 5000 rows
2026-08-10 19:39:35,462 - INFO - sales: inserted 5000 rows
2026-08-10 19:39:36,004 - INFO - sales: inserted 5000 rows
2026-08-10 19:39:36,620 - INFO - sales: inserted 5000 rows
2026-08-10 19:39:37,020 - INFO - sales: inserted 5000 rows
2026-08-10 19:39:37,381 - INFO - sales: inserted 5000 rows
2026-08-10 19:39:37,906 - INFO - sales: inserted 5000 rows
2026-08-10 19:39:38,340 - INFO - sales: inserted 5000 rows
2026-08-10 19:39:38,931 - INFO - sales: inserted 5000 rows
2026-08-10 19:39:39,341 - INFO - sales: inserted 5000 rows
2026-08-10 19:39:39,845 - INFO - sales: inserted 5000 rows
2026-08-10 19:39:40,393 - INFO - sales: inserted 5000 rows
2026-08-10 19:39:40,887 - INFO - sales: inserted 5000 rows
2026-08-10 19:39:41,297 - INFO - sales: inserted 5000 rows
2026-08-10 19:39:41,854 - INFO - sales: inserted 5000 rows
2026-08-10 19:39:42,335 - INFO - sales: inserted 5000 rows
2026-08-10 19:39:42,691 - INFO - sales: inserted 5000 rows
2026-08-10 19:39:43,270 - INFO - sales: inserted 5000 rows
2026-08-10 19:39:43,810 - INFO - sales: inserted 5000 rows
2026-08-10 19:39:44,642 - INFO - sales: inserted 5000 rows
2026-08-10 19:39:45,187 - INFO - sales: inserted 5000 rows
2026-08-10 19:39:45,567 - INFO - sales: inserted 5000 rows
2026-08-10 19:39:46,108 - INFO - sales: inserted 5000 rows
2026-08-10 19:39:46,505 - INFO - sales: inserted 5000 rows
2026-08-10 19:39:46,951 - INFO - sales: inserted 5000 rows
2026-08-10 19:39:47,358 - INFO - sales: inserted 5000 rows
2026-08-10 19:39:47,830 - INFO - sales: inserted 5000 rows
2026-08-10 19:39:48,258 - INFO - sales: inserted 5000 rows
2026-08-10 19:39:48,843 - INFO - sales: inserted 5000 rows
2026-08-10 19:39:49,256 - INFO - sales: inserted 5000 rows
2026-08-10 19:39:49,662 - INFO - sales: inserted 5000 rows
2026-08-10 19:39:50,189 - INFO - sales: inserted 5000 rows
2026-08-10 19:39:50,921 - INFO - sales: inserted 5000 rows
2026-08-10 19:39:51,313 - INFO - sales: inserted 5000 rows
2026-08-10 19:39:51,856 - INFO - sales: inserted 5000 rows
2026-08-10 19:39:52,367 - INFO - sales: inserted 5000 rows
2026-08-10 19:39:52,964 - INFO - sales: inserted 5000 rows
2026-08-10 19:39:53,509 - INFO - sales: inserted 5000 rows
2026-08-10 19:39:54,026 - INFO - sales: inserted 5000 rows
2026-08-10 19:39:54,616 - INFO - sales: inserted 5000 rows
2026-08-10 19:39:55,190 - INFO - sales: inserted 5000 rows
2026-08-10 19:39:55,656 - INFO - sales: inserted 5000 rows
2026-08-10 19:39:56,266 - INFO - sales: inserted 5000 rows
2026-08-10 19:39:56,656 - INFO - sales: inserted 5000 rows
2026-08-10 19:39:57,168 - INFO - sales: inserted 5000 rows
2026-08-10 19:39:57,594 - INFO - sales: inserted 5000 rows
2026-08-10 19:39:58,122 - INFO - sales: inserted 5000 rows
2026-08-10 19:39:58,628 - INFO - sales: inserted 5000 rows
2026-08-10 19:39:59,255 - INFO - sales: inserted 5000 rows
2026-08-10 19:39:59,667 - INFO - sales: inserted 5000 rows
2026-08-10 19:40:00,154 - INFO - sales: inserted 5000 rows
2026-08-10 19:40:00,559 - INFO - sales: inserted 5000 rows
2026-08-10 19:40:01,101 - INFO - sales: inserted 5000 rows
2026-08-10 19:40:01,485 - INFO - sales: inserted 5000 rows
2026-08-10 19:40:01,869 - INFO - sales: inserted 5000 rows
2026-08-10 19:40:02,311 - INFO - sales: inserted 5000 rows
2026-08-10 19:40:02,789 - INFO - sales: inserted 5000 rows
2026-08-10 19:40:03,246 - INFO - sales: inserted 5000 rows
2026-08-10 19:40:03,759 - INFO - sales: inserted 5000 rows
2026-08-10 19:40:04,280 - INFO - sales: inserted 5000 rows
2026-08-10 19:40:04,702 - INFO - sales: inserted 5000 rows
2026-08-10 19:40:05,210 - INFO - sales: inserted 5000 rows
2026-08-10 19:40:05,837 - INFO - sales: inserted 5000 rows
2026-08-10 19:40:06,269 - INFO - sales: inserted 5000 rows
2026-08-10 19:40:06,660 - INFO - sales: inserted 5000 rows
2026-08-10 19:40:07,230 - INFO - sales: inserted 5000 rows
2026-08-10 19:40:07,741 - INFO - sales: inserted 5000 rows
2026-08-10 19:40:08,316 - INFO - sales: inserted 5000 rows
2026-08-10 19:40:08,738 - INFO - sales: inserted 5000 rows
2026-08-10 19:40:09,274 - INFO - sales: inserted 5000 rows
2026-08-10 19:40:09,671 - INFO - sales: inserted 5000 rows
2026-08-10 19:40:10,224 - INFO - sales: inserted 5000 rows
2026-08-10 19:40:10,675 - INFO - sales: inserted 5000 rows
2026-08-10 19:40:11,235 - INFO - sales: inserted 5000 rows
2026-08-10 19:40:11,637 - INFO - sales: inserted 5000 rows
2026-08-10 19:40:12,238 - INFO - sales: inserted 5000 rows
2026-08-10 19:40:12,792 - INFO - sales: inserted 5000 rows
2026-08-10 19:40:13,290 - INFO - sales: inserted 5000 rows
2026-08-10 19:40:14,039 - INFO - sales: inserted 5000 rows
2026-08-10 19:40:14,472 - INFO - sales: inserted 5000 rows
2026-08-10 19:40:15,011 - INFO - sales: inserted 5000 rows
2026-08-10 19:40:15,443 - INFO - sales: inserted 5000 rows
2026-08-10 19:40:15,964 - INFO - sales: inserted 5000 rows
2026-08-10 19:40:16,583 - INFO - sales: inserted 5000 rows
2026-08-10 19:40:17,121 - INFO - sales: inserted 5000 rows
2026-08-10 19:40:17,542 - INFO - sales: inserted 5000 rows
2026-08-10 19:40:18,103 - INFO - sales: inserted 5000 rows
2026-08-10 19:40:18,513 - INFO - sales: inserted 5000 rows
2026-08-10 19:40:19,035 - INFO - sales: inserted 5000 rows
2026-08-10 19:40:19,569 - INFO - sales: inserted 5000 rows
2026-08-10 19:40:20,126 - INFO - sales: inserted 5000 rows
2026-08-10 19:40:20,559 - INFO - sales: inserted 5000 rows
2026-08-10 19:40:21,375 - INFO - sales: inserted 5000 rows
2026-08-10 19:40:21,843 - INFO - sales: inserted 5000 rows
2026-08-10 19:40:22,380 - INFO - sales: inserted 5000 rows
2026-08-10 19:40:22,858 - INFO - sales: inserted 5000 rows
2026-08-10 19:40:23,370 - INFO - sales: inserted 5000 rows
2026-08-10 19:40:23,937 - INFO - sales: inserted 5000 rows
2026-08-10 19:40:24,376 - INFO - sales: inserted 5000 rows
2026-08-10 19:40:24,739 - INFO - sales: inserted 5000 rows
2026-08-10 19:40:25,179 - INFO - sales: inserted 5000 rows
2026-08-10 19:40:25,595 - INFO - sales: inserted 5000 rows
2026-08-10 19:40:26,191 - INFO - sales: inserted 5000 rows
2026-08-10 19:40:26,596 - INFO - sales: inserted 5000 rows
2026-08-10 19:40:26,984 - INFO - sales: inserted 5000 rows
2026-08-10 19:40:27,535 - INFO - sales: inserted 5000 rows
2026-08-10 19:40:28,114 - INFO - sales: inserted 5000 rows
2026-08-10 19:40:28,662 - INFO - sales: inserted 5000 rows
2026-08-10 19:40:29,497 - INFO - sales: inserted 5000 rows
2026-08-10 19:40:30,030 - INFO - sales: inserted 5000 rows
2026-08-10 19:40:30,542 - INFO - sales: inserted 5000 rows
2026-08-10 19:40:30,950 - INFO - sales: inserted 5000 rows
2026-08-10 19:40:31,525 - INFO - sales: inserted 5000 rows
2026-08-10 19:40:31,957 - INFO - sales: inserted 5000 rows
2026-08-10 19:40:32,483 - INFO - sales: inserted 5000 rows
2026-08-10 19:40:32,939 - INFO - sales: inserted 5000 rows
2026-08-10 19:40:33,377 - INFO - sales: inserted 5000 rows
2026-08-10 19:40:33,730 - INFO - sales: inserted 5000 rows
2026-08-10 19:40:34,307 - INFO - sales: inserted 5000 rows
2026-08-10 19:40:34,771 - INFO - sales: inserted 5000 rows
2026-08-10 19:40:35,316 - INFO - sales: inserted 5000 rows
2026-08-10 19:40:35,707 - INFO - sales: inserted 5000 rows
2026-08-10 19:40:36,488 - INFO - sales: inserted 5000 rows
2026-08-10 19:40:36,949 - INFO - sales: inserted 5000 rows
2026-08-10 19:40:37,515 - INFO - sales: inserted 5000 rows
2026-08-10 19:40:38,010 - INFO - sales: inserted 5000 rows
2026-08-10 19:40:38,462 - INFO - sales: inserted 5000 rows
2026-08-10 19:40:38,890 - INFO - sales: inserted 5000 rows
2026-08-10 19:40:39,439 - INFO - sales: inserted 5000 rows
2026-08-10 19:40:39,904 - INFO - sales: inserted 5000 rows
2026-08-10 19:40:40,379 - INFO - sales: inserted 5000 rows
2026-08-10 19:40:40,875 - INFO - sales: inserted 5000 rows
2026-08-10 19:40:41,443 - INFO - sales: inserted 5000 rows
2026-08-10 19:40:41,886 - INFO - sales: inserted 5000 rows
2026-08-10 19:40:42,386 - INFO - sales: inserted 5000 rows
2026-08-10 19:40:42,912 - INFO - sales: inserted 5000 rows
2026-08-10 19:40:43,455 - INFO - sales: inserted 5000 rows
2026-08-10 19:40:44,305 - INFO - sales: inserted 5000 rows
2026-08-10 19:40:44,835 - INFO - sales: inserted 5000 rows
2026-08-10 19:40:45,354 - INFO - sales: inserted 5000 rows
2026-08-10 19:40:45,875 - INFO - sales: inserted 5000 rows
2026-08-10 19:40:46,409 - INFO - sales: inserted 5000 rows
2026-08-10 19:40:46,939 - INFO - sales: inserted 5000 rows
2026-08-10 19:40:47,476 - INFO - sales: inserted 5000 rows
2026-08-10 19:40:47,966 - INFO - sales: inserted 5000 rows
2026-08-10 19:40:48,470 - INFO - sales: inserted 5000 rows
2026-08-10 19:40:48,956 - INFO - sales: inserted 5000 rows
2026-08-10 19:40:49,443 - INFO - sales: inserted 5000 rows
2026-08-10 19:40:49,942 - INFO - sales: inserted 5000 rows
2026-08-10 19:40:50,526 - INFO - sales: inserted 5000 rows
2026-08-10 19:40:51,013 - INFO - sales: inserted 5000 rows
2026-08-10 19:40:51,521 - INFO - sales: inserted 5000 rows
2026-08-10 19:40:52,024 - INFO - sales: inserted 5000 rows
2026-08-10 19:40:52,818 - INFO - sales: inserted 5000 rows
2026-08-10 19:40:53,384 - INFO - sales: inserted 5000 rows
2026-08-10 19:40:53,879 - INFO - sales: inserted 5000 rows
2026-08-10 19:40:54,408 - INFO - sales: inserted 5000 rows
2026-08-10 19:40:54,912 - INFO - sales: inserted 5000 rows
2026-08-10 19:40:55,427 - INFO - sales: inserted 5000 rows
2026-08-10 19:40:55,942 - INFO - sales: inserted 5000 rows
2026-08-10 19:40:56,465 - INFO - sales: inserted 5000 rows
2026-08-10 19:40:57,004 - INFO - sales: inserted 5000 rows
2026-08-10 19:40:57,530 - INFO - sales: inserted 5000 rows
2026-08-10 19:40:58,044 - INFO - sales: inserted 5000 rows
2026-08-10 19:40:58,657 - INFO - sales: inserted 5000 rows
2026-08-10 19:40:59,139 - INFO - sales: inserted 5000 rows
2026-08-10 19:40:59,715 - INFO - sales: inserted 5000 rows
2026-08-10 19:41:00,229 - INFO - sales: inserted 5000 rows
2026-08-10 19:41:00,752 - INFO - sales: inserted 5000 rows
2026-08-10 19:41:01,196 - INFO - sales: inserted 5000 rows
2026-08-10 19:41:01,958 - INFO - sales: inserted 5000 rows
2026-08-10 19:41:02,514 - INFO - sales: inserted 5000 rows
2026-08-10 19:41:02,921 - INFO - sales: inserted 5000 rows
2026-08-10 19:41:03,473 - INFO - sales: inserted 5000 rows
2026-08-10 19:41:03,862 - INFO - sales: inserted 5000 rows
2026-08-10 19:41:04,324 - INFO - sales: inserted 5000 rows
2026-08-10 19:41:04,864 - INFO - sales: inserted 5000 rows
2026-08-10 19:41:05,307 - INFO - sales: inserted 5000 rows
2026-08-10 19:41:05,872 - INFO - sales: inserted 5000 rows
2026-08-10 19:41:06,311 - INFO - sales: inserted 5000 rows
2026-08-10 19:41:07,013 - INFO - sales: inserted 5000 rows
2026-08-10 19:41:07,548 - INFO - sales: inserted 5000 rows
2026-08-10 19:41:07,998 - INFO - sales: inserted 5000 rows
2026-08-10 19:41:08,573 - INFO - sales: inserted 5000 rows
2026-08-10 19:41:09,127 - INFO - sales: inserted 5000 rows
2026-08-10 19:41:09,925 - INFO - sales: inserted 5000 rows
2026-08-10 19:41:10,503 - INFO - sales: inserted 5000 rows
2026-08-10 19:41:10,972 - INFO - sales: inserted 5000 rows
2026-08-10 19:41:11,386 - INFO - sales: inserted 5000 rows
2026-08-10 19:41:11,798 - INFO - sales: inserted 5000 rows
2026-08-10 19:41:12,354 - INFO - sales: inserted 5000 rows
2026-08-10 19:41:12,824 - INFO - sales: inserted 5000 rows
2026-08-10 19:41:13,376 - INFO - sales: inserted 5000 rows
2026-08-10 19:41:13,871 - INFO - sales: inserted 5000 rows
2026-08-10 19:41:14,269 - INFO - sales: inserted 5000 rows
2026-08-10 19:41:14,700 - INFO - sales: inserted 5000 rows
2026-08-10 19:41:15,291 - INFO - sales: inserted 5000 rows
2026-08-10 19:41:15,783 - INFO - sales: inserted 5000 rows
2026-08-10 19:41:16,306 - INFO - sales: inserted 5000 rows
2026-08-10 19:41:16,707 - INFO - sales: inserted 5000 rows
2026-08-10 19:41:17,144 - INFO - sales: inserted 5000 rows
2026-08-10 19:41:17,958 - INFO - sales: inserted 5000 rows
2026-08-10 19:41:18,486 - INFO - sales: inserted 5000 rows
2026-08-10 19:41:19,040 - INFO - sales: inserted 5000 rows
2026-08-10 19:41:19,613 - INFO - sales: inserted 5000 rows
2026-08-10 19:41:20,039 - INFO - sales: inserted 5000 rows
2026-08-10 19:41:20,601 - INFO - sales: inserted 5000 rows
2026-08-10 19:41:21,140 - INFO - sales: inserted 5000 rows
2026-08-10 19:41:21,697 - INFO - sales: inserted 5000 rows
2026-08-10 19:41:22,090 - INFO - sales: inserted 5000 rows
2026-08-10 19:41:22,599 - INFO - sales: inserted 5000 rows
2026-08-10 19:41:22,961 - INFO - sales: inserted 5000 rows
2026-08-10 19:41:23,353 - INFO - sales: inserted 5000 rows
2026-08-10 19:41:23,925 - INFO - sales: inserted 5000 rows
2026-08-10 19:41:24,323 - INFO - sales: inserted 5000 rows
2026-08-10 19:41:24,892 - INFO - sales: inserted 5000 rows
2026-08-10 19:41:25,304 - INFO - sales: inserted 5000 rows
2026-08-10 19:41:25,873 - INFO - sales: inserted 5000 rows
2026-08-10 19:41:26,577 - INFO - sales: inserted 5000 rows
2026-08-10 19:41:27,002 - INFO - sales: inserted 5000 rows
2026-08-10 19:41:27,431 - INFO - sales: inserted 5000 rows
2026-08-10 19:41:27,907 - INFO - sales: inserted 5000 rows
2026-08-10 19:41:28,345 - INFO - sales: inserted 5000 rows
2026-08-10 19:41:28,935 - INFO - sales: inserted 5000 rows
2026-08-10 19:41:29,560 - INFO - sales: inserted 5000 rows
2026-08-10 19:41:30,212 - INFO - sales: inserted 5000 rows
2026-08-10 19:41:30,758 - INFO - sales: inserted 5000 rows
2026-08-10 19:41:31,300 - INFO - sales: inserted 5000 rows
2026-08-10 19:41:31,926 - INFO - sales: inserted 5000 rows
2026-08-10 19:41:32,305 - INFO - sales: inserted 5000 rows
2026-08-10 19:41:32,846 - INFO - sales: inserted 5000 rows
2026-08-10 19:41:33,269 - INFO - sales: inserted 5000 rows
2026-08-10 19:41:33,771 - INFO - sales: inserted 5000 rows
2026-08-10 19:41:34,206 - INFO - sales: inserted 5000 rows
2026-08-10 19:41:34,713 - INFO - sales: inserted 5000 rows
2026-08-10 19:41:35,507 - INFO - sales: inserted 5000 rows
2026-08-10 19:41:35,923 - INFO - sales: inserted 5000 rows
2026-08-10 19:41:36,416 - INFO - sales: inserted 5000 rows
2026-08-10 19:41:36,895 - INFO - sales: inserted 5000 rows
2026-08-10 19:41:37,329 - INFO - sales: inserted 5000 rows
2026-08-10 19:41:37,932 - INFO - sales: inserted 5000 rows
2026-08-10 19:41:38,407 - INFO - sales: inserted 5000 rows
2026-08-10 19:41:38,822 - INFO - sales: inserted 5000 rows
2026-08-10 19:41:39,406 - INFO - sales: inserted 5000 rows
2026-08-10 19:41:39,859 - INFO - sales: inserted 5000 rows
2026-08-10 19:41:40,351 - INFO - sales: inserted 5000 rows
2026-08-10 19:41:41,192 - INFO - sales: inserted 5000 rows
2026-08-10 19:41:41,702 - INFO - sales: inserted 5000 rows
2026-08-10 19:41:42,239 - INFO - sales: inserted 5000 rows
2026-08-10 19:41:42,782 - INFO - sales: inserted 5000 rows
2026-08-10 19:41:43,218 - INFO - sales: inserted 5000 rows
2026-08-10 19:41:43,905 - INFO - sales: inserted 5000 rows
2026-08-10 19:41:44,446 - INFO - sales: inserted 5000 rows
2026-08-10 19:41:45,030 - INFO - sales: inserted 5000 rows
2026-08-10 19:41:45,474 - INFO - sales: inserted 5000 rows
2026-08-10 19:41:45,919 - INFO - sales: inserted 5000 rows
2026-08-10 19:41:46,432 - INFO - sales: inserted 5000 rows
2026-08-10 19:41:46,949 - INFO - sales: inserted 5000 rows
2026-08-10 19:41:47,412 - INFO - sales: inserted 5000 rows
2026-08-10 19:41:47,913 - INFO - sales: inserted 5000 rows
2026-08-10 19:41:48,300 - INFO - sales: inserted 5000 rows
2026-08-10 19:41:48,767 - INFO - sales: inserted 5000 rows
2026-08-10 19:41:49,216 - INFO - sales: inserted 5000 rows
2026-08-10 19:41:49,666 - INFO - sales: inserted 5000 rows
2026-08-10 19:41:50,413 - INFO - sales: inserted 5000 rows
2026-08-10 19:41:51,026 - INFO - sales: inserted 5000 rows
2026-08-10 19:41:51,457 - INFO - sales: inserted 5000 rows
2026-08-10 19:41:51,956 - INFO - sales: inserted 5000 rows
2026-08-10 19:41:52,365 - INFO - sales: inserted 5000 rows
2026-08-10 19:41:52,886 - INFO - sales: inserted 5000 rows
2026-08-10 19:41:53,333 - INFO - sales: inserted 5000 rows
2026-08-10 19:41:53,849 - INFO - sales: inserted 5000 rows
2026-08-10 19:41:54,298 - INFO - sales: inserted 5000 rows
2026-08-10 19:41:54,788 - INFO - sales: inserted 5000 rows
2026-08-10 19:41:55,169 - INFO - sales: inserted 5000 rows
2026-08-10 19:41:55,606 - INFO - sales: inserted 5000 rows
2026-08-10 19:41:56,070 - INFO - sales: inserted 5000 rows
2026-08-10 19:41:56,445 - INFO - sales: inserted 5000 rows
2026-08-10 19:41:56,968 - INFO - sales: inserted 5000 rows
2026-08-10 19:41:57,432 - INFO - sales: inserted 5000 rows
2026-08-10 19:41:58,013 - INFO - sales: inserted 5000 rows
2026-08-10 19:41:58,449 - INFO - sales: inserted 5000 rows
2026-08-10 19:41:58,984 - INFO - sales: inserted 5000 rows
2026-08-10 19:41:59,462 - INFO - sales: inserted 5000 rows
2026-08-10 19:42:00,033 - INFO - sales: inserted 5000 rows
2026-08-10 19:42:00,427 - INFO - sales: inserted 5000 rows
2026-08-10 19:42:00,945 - INFO - sales: inserted 5000 rows
2026-08-10 19:42:01,541 - INFO - sales: inserted 5000 rows
2026-08-10 19:42:02,074 - INFO - sales: inserted 5000 rows
2026-08-10 19:42:02,502 - INFO - sales: inserted 5000 rows
2026-08-10 19:42:03,034 - INFO - sales: inserted 5000 rows
2026-08-10 19:42:03,474 - INFO - sales: inserted 5000 rows
2026-08-10 19:42:04,043 - INFO - sales: inserted 5000 rows
2026-08-10 19:42:04,632 - INFO - sales: inserted 5000 rows
2026-08-10 19:42:05,271 - INFO - sales: inserted 5000 rows
2026-08-10 19:42:05,699 - INFO - sales: inserted 5000 rows
2026-08-10 19:42:06,233 - INFO - sales: inserted 5000 rows
2026-08-10 19:42:06,735 - INFO - sales: inserted 5000 rows
2026-08-10 19:42:07,337 - INFO - sales: inserted 5000 rows
2026-08-10 19:42:07,868 - INFO - sales: inserted 5000 rows
2026-08-10 19:42:08,252 - INFO - sales: inserted 5000 rows
2026-08-10 19:42:08,686 - INFO - sales: inserted 5000 rows
2026-08-10 19:42:09,132 - INFO - sales: inserted 5000 rows
2026-08-10 19:42:09,700 - INFO - sales: inserted 5000 rows
2026-08-10 19:42:10,243 - INFO - sales: inserted 5000 rows
2026-08-10 19:42:10,577 - INFO - sales: inserted 5000 rows
2026-08-10 19:42:11,116 - INFO - sales: inserted 5000 rows
2026-08-10 19:42:11,610 - INFO - sales: inserted 5000 rows
2026-08-10 19:42:12,561 - INFO - sales: inserted 5000 rows
2026-08-10 19:42:13,274 - INFO - sales: inserted 5000 rows
2026-08-10 19:42:14,095 - INFO - sales: inserted 5000 rows
2026-08-10 19:42:14,606 - INFO - sales: inserted 5000 rows
2026-08-10 19:42:15,133 - INFO - sales: inserted 5000 rows
2026-08-10 19:42:15,521 - INFO - sales: inserted 5000 rows
2026-08-10 19:42:15,984 - INFO - sales: inserted 5000 rows
2026-08-10 19:42:16,748 - INFO - sales: inserted 5000 rows
2026-08-10 19:42:17,397 - INFO - sales: inserted 5000 rows
2026-08-10 19:42:17,936 - INFO - sales: inserted 5000 rows
2026-08-10 19:42:18,316 - INFO - sales: inserted 5000 rows
2026-08-10 19:42:18,855 - INFO - sales: inserted 5000 rows
2026-08-10 19:42:19,302 - INFO - sales: inserted 5000 rows
2026-08-10 19:42:19,835 - INFO - sales: inserted 5000 rows
2026-08-10 19:42:20,410 - INFO - sales: inserted 5000 rows
2026-08-10 19:42:20,959 - INFO - sales: inserted 5000 rows
2026-08-10 19:42:21,509 - INFO - sales: inserted 5000 rows
2026-08-10 19:42:22,031 - INFO - sales: inserted 5000 rows
2026-08-10 19:42:22,472 - INFO - sales: inserted 5000 rows
2026-08-10 19:42:22,991 - INFO - sales: inserted 5000 rows
2026-08-10 19:42:23,395 - INFO - sales: inserted 5000 rows
2026-08-10 19:42:23,979 - INFO - sales: inserted 5000 rows
2026-08-10 19:42:24,498 - INFO - sales: inserted 5000 rows
2026-08-10 19:42:25,002 - INFO - sales: inserted 5000 rows
2026-08-10 19:42:25,574 - INFO - sales: inserted 5000 rows
2026-08-10 19:42:26,037 - INFO - sales: inserted 5000 rows
2026-08-10 19:42:26,462 - INFO - sales: inserted 5000 rows
2026-08-10 19:42:26,991 - INFO - sales: inserted 5000 rows
2026-08-10 19:42:27,392 - INFO - sales: inserted 5000 rows
2026-08-10 19:42:27,984 - INFO - sales: inserted 5000 rows
2026-08-10 19:42:28,375 - INFO - sales: inserted 5000 rows
2026-08-10 19:42:29,162 - INFO - sales: inserted 5000 rows
2026-08-10 19:42:29,557 - INFO - sales: inserted 5000 rows
2026-08-10 19:42:30,040 - INFO - sales: inserted 5000 rows
2026-08-10 19:42:30,491 - INFO - sales: inserted 5000 rows
2026-08-10 19:42:31,044 - INFO - sales: inserted 5000 rows
2026-08-10 19:42:31,473 - INFO - sales: inserted 5000 rows
2026-08-10 19:42:32,030 - INFO - sales: inserted 5000 rows
2026-08-10 19:42:32,438 - INFO - sales: inserted 5000 rows
2026-08-10 19:42:32,855 - INFO - sales: inserted 5000 rows
2026-08-10 19:42:33,292 - INFO - sales: inserted 5000 rows
2026-08-10 19:42:33,869 - INFO - sales: inserted 5000 rows
2026-08-10 19:42:34,322 - INFO - sales: inserted 5000 rows
2026-08-10 19:42:34,780 - INFO - sales: inserted 5000 rows
2026-08-10 19:42:35,217 - INFO - sales: inserted 5000 rows
2026-08-10 19:42:35,644 - INFO - sales: inserted 5000 rows
2026-08-10 19:42:36,444 - INFO - sales: inserted 5000 rows
2026-08-10 19:42:36,875 - INFO - sales: inserted 5000 rows
2026-08-10 19:42:37,380 - INFO - sales: inserted 5000 rows
2026-08-10 19:42:37,878 - INFO - sales: inserted 5000 rows
2026-08-10 19:42:38,399 - INFO - sales: inserted 5000 rows
2026-08-10 19:42:38,942 - INFO - sales: inserted 5000 rows
2026-08-10 19:42:39,438 - INFO - sales: inserted 5000 rows
2026-08-10 19:42:40,011 - INFO - sales: inserted 5000 rows
2026-08-10 19:42:40,554 - INFO - sales: inserted 5000 rows
2026-08-10 19:42:41,147 - INFO - sales: inserted 5000 rows
2026-08-10 19:42:41,701 - INFO - sales: inserted 5000 rows
2026-08-10 19:42:42,129 - INFO - sales: inserted 5000 rows
2026-08-10 19:42:42,669 - INFO - sales: inserted 5000 rows
2026-08-10 19:42:43,277 - INFO - sales: inserted 5000 rows
2026-08-10 19:42:43,778 - INFO - sales: inserted 5000 rows
2026-08-10 19:42:44,499 - INFO - sales: inserted 5000 rows
2026-08-10 19:42:45,002 - INFO - sales: inserted 5000 rows
2026-08-10 19:42:45,540 - INFO - sales: inserted 5000 rows
2026-08-10 19:42:46,171 - INFO - sales: inserted 5000 rows
2026-08-10 19:42:46,703 - INFO - sales: inserted 5000 rows
2026-08-10 19:42:47,261 - INFO - sales: inserted 5000 rows
2026-08-10 19:42:47,798 - INFO - sales: inserted 5000 rows
2026-08-10 19:42:48,194 - INFO - sales: inserted 5000 rows
2026-08-10 19:42:48,706 - INFO - sales: inserted 5000 rows
2026-08-10 19:42:49,149 - INFO - sales: inserted 5000 rows
2026-08-10 19:42:49,647 - INFO - sales: inserted 5000 rows
2026-08-10 19:42:50,141 - INFO - sales: inserted 5000 rows
2026-08-10 19:42:50,731 - INFO - sales: inserted 5000 rows
2026-08-10 19:42:51,274 - INFO - sales: inserted 5000 rows
2026-08-10 19:42:51,858 - INFO - sales: inserted 5000 rows
2026-08-10 19:42:52,379 - INFO - sales: inserted 5000 rows
2026-08-10 19:42:53,331 - INFO - sales: inserted 5000 rows
2026-08-10 19:42:53,779 - INFO - sales: inserted 5000 rows
2026-08-10 19:42:54,242 - INFO - sales: inserted 5000 rows
2026-08-10 19:42:54,740 - INFO - sales: inserted 5000 rows
2026-08-10 19:42:55,144 - INFO - sales: inserted 5000 rows
2026-08-10 19:42:55,676 - INFO - sales: inserted 5000 rows
2026-08-10 19:42:56,226 - INFO - sales: inserted 5000 rows
2026-08-10 19:42:56,737 - INFO - sales: inserted 5000 rows
2026-08-10 19:42:57,301 - INFO - sales: inserted 5000 rows
2026-08-10 19:42:57,739 - INFO - sales: inserted 5000 rows
2026-08-10 19:42:58,233 - INFO - sales: inserted 5000 rows
2026-08-10 19:42:58,678 - INFO - sales: inserted 5000 rows
2026-08-10 19:42:59,190 - INFO - sales: inserted 5000 rows
2026-08-10 19:42:59,773 - INFO - sales: inserted 5000 rows
2026-08-10 19:43:00,370 - INFO - sales: inserted 5000 rows
2026-08-10 19:43:00,867 - INFO - sales: inserted 5000 rows
2026-08-10 19:43:01,383 - INFO - sales: inserted 5000 rows
2026-08-10 19:43:02,017 - INFO - sales: inserted 5000 rows
2026-08-10 19:43:02,429 - INFO - sales: inserted 5000 rows
2026-08-10 19:43:02,890 - INFO - sales: inserted 5000 rows
2026-08-10 19:43:03,405 - INFO - sales: inserted 5000 rows
2026-08-10 19:43:03,792 - INFO - sales: inserted 5000 rows
2026-08-10 19:43:04,299 - INFO - sales: inserted 5000 rows
2026-08-10 19:43:04,715 - INFO - sales: inserted 5000 rows
2026-08-10 19:43:05,301 - INFO - sales: inserted 5000 rows
2026-08-10 19:43:05,682 - INFO - sales: inserted 5000 rows
2026-08-10 19:43:06,205 - INFO - sales: inserted 5000 rows
2026-08-10 19:43:06,722 - INFO - sales: inserted 5000 rows
2026-08-10 19:43:07,309 - INFO - sales: inserted 5000 rows
2026-08-10 19:43:07,728 - INFO - sales: inserted 5000 rows
2026-08-10 19:43:08,296 - INFO - sales: inserted 5000 rows
2026-08-10 19:43:08,747 - INFO - sales: inserted 5000 rows
2026-08-10 19:43:09,407 - INFO - sales: inserted 5000 rows
2026-08-10 19:43:09,950 - INFO - sales: inserted 5000 rows
2026-08-10 19:43:10,459 - INFO - sales: inserted 5000 rows
2026-08-10 19:43:10,931 - INFO - sales: inserted 5000 rows
2026-08-10 19:43:11,441 - INFO - sales: inserted 5000 rows
2026-08-10 19:43:11,865 - INFO - sales: inserted 5000 rows
2026-08-10 19:43:12,397 - INFO - sales: inserted 5000 rows
2026-08-10 19:43:12,804 - INFO - sales: inserted 5000 rows
2026-08-10 19:43:13,375 - INFO - sales: inserted 5000 rows
2026-08-10 19:43:13,809 - INFO - sales: inserted 5000 rows
2026-08-10 19:43:14,352 - INFO - sales: inserted 5000 rows
2026-08-10 19:43:14,768 - INFO - sales: inserted 5000 rows
2026-08-10 19:43:15,293 - INFO - sales: inserted 5000 rows
2026-08-10 19:43:15,830 - INFO - sales: inserted 5000 rows
2026-08-10 19:43:16,371 - INFO - sales: inserted 5000 rows
2026-08-10 19:43:16,795 - INFO - sales: inserted 5000 rows
2026-08-10 19:43:17,559 - INFO - sales: inserted 5000 rows
2026-08-10 19:43:18,078 - INFO - sales: inserted 5000 rows
2026-08-10 19:43:18,478 - INFO - sales: inserted 5000 rows
2026-08-10 19:43:18,999 - INFO - sales: inserted 5000 rows
2026-08-10 19:43:19,531 - INFO - sales: inserted 5000 rows
2026-08-10 19:43:19,911 - INFO - sales: inserted 5000 rows
2026-08-10 19:43:20,426 - INFO - sales: inserted 5000 rows
2026-08-10 19:43:20,972 - INFO - sales: inserted 5000 rows
2026-08-10 19:43:21,517 - INFO - sales: inserted 5000 rows
2026-08-10 19:43:22,012 - INFO - sales: inserted 5000 rows
2026-08-10 19:43:22,418 - INFO - sales: inserted 5000 rows
2026-08-10 19:43:22,852 - INFO - sales: inserted 5000 rows
2026-08-10 19:43:23,371 - INFO - sales: inserted 5000 rows
2026-08-10 19:43:23,918 - INFO - sales: inserted 5000 rows
2026-08-10 19:43:24,421 - INFO - sales: inserted 5000 rows
2026-08-10 19:43:24,906 - INFO - sales: inserted 5000 rows
2026-08-10 19:43:25,441 - INFO - sales: inserted 5000 rows
2026-08-10 19:43:26,067 - INFO - sales: inserted 5000 rows
2026-08-10 19:43:26,819 - INFO - sales: inserted 5000 rows
2026-08-10 19:43:27,357 - INFO - sales: inserted 5000 rows
2026-08-10 19:43:27,792 - INFO - sales: inserted 5000 rows
2026-08-10 19:43:28,311 - INFO - sales: inserted 5000 rows
2026-08-10 19:43:28,770 - INFO - sales: inserted 5000 rows
2026-08-10 19:43:29,300 - INFO - sales: inserted 5000 rows
2026-08-10 19:43:29,688 - INFO - sales: inserted 5000 rows
2026-08-10 19:43:30,094 - INFO - sales: inserted 5000 rows
2026-08-10 19:43:30,580 - INFO - sales: inserted 5000 rows
2026-08-10 19:43:31,008 - INFO - sales: inserted 5000 rows
2026-08-10 19:43:31,486 - INFO - sales: inserted 5000 rows
2026-08-10 19:43:31,934 - INFO - sales: inserted 5000 rows
2026-08-10 19:43:32,330 - INFO - sales: inserted 5000 rows
2026-08-10 19:43:32,793 - INFO - sales: inserted 5000 rows
2026-08-10 19:43:33,159 - INFO - sales: inserted 5000 rows
2026-08-10 19:43:33,606 - INFO - sales: inserted 5000 rows
2026-08-10 19:43:34,419 - INFO - sales: inserted 5000 rows
2026-08-10 19:43:34,864 - INFO - sales: inserted 5000 rows
2026-08-10 19:43:35,453 - INFO - sales: inserted 5000 rows
2026-08-10 19:43:35,920 - INFO - sales: inserted 5000 rows
2026-08-10 19:43:36,479 - INFO - sales: inserted 5000 rows
2026-08-10 19:43:36,933 - INFO - sales: inserted 5000 rows
2026-08-10 19:43:37,476 - INFO - sales: inserted 5000 rows
2026-08-10 19:43:37,904 - INFO - sales: inserted 5000 rows
2026-08-10 19:43:38,449 - INFO - sales: inserted 5000 rows
2026-08-10 19:43:38,899 - INFO - sales: inserted 5000 rows
2026-08-10 19:43:39,361 - INFO - sales: inserted 5000 rows
2026-08-10 19:43:39,766 - INFO - sales: inserted 5000 rows
2026-08-10 19:43:40,152 - INFO - sales: inserted 5000 rows
2026-08-10 19:43:40,711 - INFO - sales: inserted 5000 rows
2026-08-10 19:43:41,159 - INFO - sales: inserted 5000 rows
2026-08-10 19:43:41,679 - INFO - sales: inserted 5000 rows
2026-08-10 19:43:42,252 - INFO - sales: inserted 5000 rows
2026-08-10 19:43:42,852 - INFO - sales: inserted 5000 rows
2026-08-10 19:43:43,280 - INFO - sales: inserted 5000 rows
2026-08-10 19:43:43,709 - INFO - sales: inserted 5000 rows
2026-08-10 19:43:44,145 - INFO - sales: inserted 5000 rows
2026-08-10 19:43:44,694 - INFO - sales: inserted 5000 rows
2026-08-10 19:43:45,132 - INFO - sales: inserted 5000 rows
2026-08-10 19:43:45,619 - INFO - sales: inserted 5000 rows
2026-08-10 19:43:46,074 - INFO - sales: inserted 5000 rows
2026-08-10 19:43:46,569 - INFO - sales: inserted 5000 rows
2026-08-10 19:43:47,047 - INFO - sales: inserted 5000 rows
2026-08-10 19:43:47,542 - INFO - sales: inserted 5000 rows
2026-08-10 19:43:48,106 - INFO - sales: inserted 5000 rows
2026-08-10 19:43:48,545 - INFO - sales: inserted 5000 rows
2026-08-10 19:43:48,962 - INFO - sales: inserted 5000 rows
2026-08-10 19:43:49,609 - INFO - sales: inserted 5000 rows
2026-08-10 19:43:50,015 - INFO - sales: inserted 5000 rows
2026-08-10 19:43:50,556 - INFO - sales: inserted 5000 rows
2026-08-10 19:43:50,988 - INFO - sales: inserted 5000 rows
2026-08-10 19:43:51,472 - INFO - sales: inserted 5000 rows
2026-08-10 19:43:51,845 - INFO - sales: inserted 5000 rows
2026-08-10 19:43:52,436 - INFO - sales: inserted 5000 rows
2026-08-10 19:43:52,858 - INFO - sales: inserted 5000 rows
2026-08-10 19:43:53,371 - INFO - sales: inserted 5000 rows
2026-08-10 19:43:53,794 - INFO - sales: inserted 5000 rows
2026-08-10 19:43:54,198 - INFO - sales: inserted 5000 rows
2026-08-10 19:43:54,704 - INFO - sales: inserted 5000 rows
2026-08-10 19:43:55,213 - INFO - sales: inserted 5000 rows
2026-08-10 19:43:55,665 - INFO - sales: inserted 5000 rows
2026-08-10 19:43:56,286 - INFO - sales: inserted 5000 rows
2026-08-10 19:43:56,744 - INFO - sales: inserted 5000 rows
2026-08-10 19:43:57,273 - INFO - sales: inserted 5000 rows
2026-08-10 19:43:57,833 - INFO - sales: inserted 5000 rows
2026-08-10 19:43:58,272 - INFO - sales: inserted 5000 rows
2026-08-10 19:43:58,720 - INFO - sales: inserted 5000 rows
2026-08-10 19:43:59,159 - INFO - sales: inserted 5000 rows
2026-08-10 19:43:59,688 - INFO - sales: inserted 5000 rows
2026-08-10 19:44:00,498 - INFO - sales: inserted 5000 rows
2026-08-10 19:44:00,888 - INFO - sales: inserted 5000 rows
2026-08-10 19:44:01,423 - INFO - sales: inserted 5000 rows
2026-08-10 19:44:01,875 - INFO - sales: inserted 5000 rows
2026-08-10 19:44:02,424 - INFO - sales: inserted 5000 rows
2026-08-10 19:44:03,052 - INFO - sales: inserted 5000 rows
2026-08-10 19:44:03,606 - INFO - sales: inserted 5000 rows
2026-08-10 19:44:04,173 - INFO - sales: inserted 5000 rows
2026-08-10 19:44:04,715 - INFO - sales: inserted 5000 rows
2026-08-10 19:44:05,117 - INFO - sales: inserted 5000 rows
2026-08-10 19:44:05,677 - INFO - sales: inserted 5000 rows
2026-08-10 19:44:06,077 - INFO - sales: inserted 5000 rows
2026-08-10 19:44:06,633 - INFO - sales: inserted 5000 rows
2026-08-10 19:44:07,191 - INFO - sales: inserted 5000 rows
2026-08-10 19:44:07,773 - INFO - sales: inserted 5000 rows
2026-08-10 19:44:08,174 - INFO - sales: inserted 5000 rows
2026-08-10 19:44:08,727 - INFO - sales: inserted 5000 rows
2026-08-10 19:44:09,120 - INFO - sales: inserted 5000 rows
2026-08-10 19:44:09,525 - INFO - sales: inserted 5000 rows
2026-08-10 19:44:09,913 - INFO - sales: inserted 5000 rows
2026-08-10 19:44:10,333 - INFO - sales: inserted 5000 rows
2026-08-10 19:44:11,015 - INFO - sales: inserted 5000 rows
2026-08-10 19:44:11,446 - INFO - sales: inserted 5000 rows
2026-08-10 19:44:11,852 - INFO - sales: inserted 5000 rows
2026-08-10 19:44:12,379 - INFO - sales: inserted 5000 rows
2026-08-10 19:44:12,817 - INFO - sales: inserted 5000 rows
2026-08-10 19:44:13,271 - INFO - sales: inserted 5000 rows
2026-08-10 19:44:13,789 - INFO - sales: inserted 5000 rows
2026-08-10 19:44:14,225 - INFO - sales: inserted 5000 rows
2026-08-10 19:44:14,763 - INFO - sales: inserted 5000 rows
2026-08-10 19:44:15,154 - INFO - sales: inserted 5000 rows
2026-08-10 19:44:15,664 - INFO - sales: inserted 5000 rows
2026-08-10 19:44:16,087 - INFO - sales: inserted 5000 rows
2026-08-10 19:44:16,560 - INFO - sales: inserted 5000 rows
2026-08-10 19:44:16,955 - INFO - sales: inserted 5000 rows
2026-08-10 19:44:17,707 - INFO - sales: inserted 5000 rows
2026-08-10 19:44:18,234 - INFO - sales: inserted 5000 rows
2026-08-10 19:44:18,787 - INFO - sales: inserted 5000 rows
2026-08-10 19:44:19,142 - INFO - sales: inserted 5000 rows
2026-08-10 19:44:19,674 - INFO - sales: inserted 5000 rows
2026-08-10 19:44:20,190 - INFO - sales: inserted 5000 rows
2026-08-10 19:44:20,684 - INFO - sales: inserted 5000 rows
2026-08-10 19:44:21,084 - INFO - sales: inserted 5000 rows
2026-08-10 19:44:21,644 - INFO - sales: inserted 5000 rows
2026-08-10 19:44:22,177 - INFO - sales: inserted 5000 rows
2026-08-10 19:44:22,704 - INFO - sales: inserted 5000 rows
2026-08-10 19:44:23,206 - INFO - sales: inserted 5000 rows
2026-08-10 19:44:23,740 - INFO - sales: inserted 5000 rows
2026-08-10 19:44:24,179 - INFO - sales: inserted 5000 rows
2026-08-10 19:44:24,733 - INFO - sales: inserted 5000 rows
2026-08-10 19:44:25,201 - INFO - sales: inserted 5000 rows
2026-08-10 19:44:25,923 - INFO - sales: inserted 5000 rows
2026-08-10 19:44:26,298 - INFO - sales: inserted 5000 rows
2026-08-10 19:44:26,781 - INFO - sales: inserted 5000 rows
2026-08-10 19:44:27,289 - INFO - sales: inserted 5000 rows
2026-08-10 19:44:27,764 - INFO - sales: inserted 5000 rows
2026-08-10 19:44:28,230 - INFO - sales: inserted 5000 rows
2026-08-10 19:44:28,781 - INFO - sales: inserted 5000 rows
2026-08-10 19:44:29,292 - INFO - sales: inserted 5000 rows
2026-08-10 19:44:29,844 - INFO - sales: inserted 5000 rows
2026-08-10 19:44:30,461 - INFO - sales: inserted 5000 rows
2026-08-10 19:44:31,008 - INFO - sales: inserted 5000 rows
2026-08-10 19:44:31,413 - INFO - sales: inserted 5000 rows
2026-08-10 19:44:31,987 - INFO - sales: inserted 5000 rows
2026-08-10 19:44:32,414 - INFO - sales: inserted 5000 rows
2026-08-10 19:44:33,098 - INFO - sales: inserted 5000 rows
2026-08-10 19:44:33,503 - INFO - sales: inserted 5000 rows
2026-08-10 19:44:34,058 - INFO - sales: inserted 5000 rows
2026-08-10 19:44:34,462 - INFO - sales: inserted 5000 rows
2026-08-10 19:44:34,966 - INFO - sales: inserted 5000 rows
2026-08-10 19:44:35,500 - INFO - sales: inserted 5000 rows
2026-08-10 19:44:35,982 - INFO - sales: inserted 5000 rows
2026-08-10 19:44:36,050 - INFO - sales: inserted 363 rows
2026-08-10 19:44:36,052 - INFO - Completed ingestion: sales.csv
2026-08-10 19:44:36,052 - INFO - Starting ingestion: vendor_invoice.csv
2026-08-10 19:44:36,617 - INFO - vendor_invoice: inserted 5000 rows
2026-08-10 19:44:36,684 - INFO - vendor_invoice: inserted 543 rows
2026-08-10 19:44:36,686 - INFO - Completed ingestion: vendor_invoice.csv
2026-08-10 19:44:36,686 - INFO - Ingestion Completed
2026-08-10 19:44:36,686 - INFO - Total time taken: 27.68 minutes
